horizon,MAE,RMSE,R2,MAPE
1,565.0235206569591,711.7489594317191,0.9869483826424894,378742357720.8285
2,449.330918728182,600.6653661883353,0.9904459255024063,119860687294.50943
3,423.80911026884075,545.622144599017,0.9924742691259371,5.009888978342471
4,503.1247086362748,679.4016067605755,0.9873508461378615,21.70104974567017
5,452.82350949244665,596.9082982227056,0.9896532963589544,14.864762758171423
6,534.5769072404098,678.569478710114,0.9824396993645313,14.776618977077986
7,591.3738153192493,746.2663846607062,0.9784754558491725,11.28254999976241
8,690.913414627484,979.0707529375559,0.9601420897956269,17.071708286726142
9,716.8081489148686,1023.7039286975693,0.9582370199127801,5.174843823892864
10,681.6459387134305,903.7822923968598,0.9756247862658957,9.387156208285841
11,626.7217074195817,772.7548638984873,0.9840693456760561,95.71261236498292
12,637.1211078673022,783.3820827314639,0.9807817351957485,37.71856488464635
13,562.7814303187316,723.6888203907106,0.9882407307019574,11.095477537699237
14,509.0392798927277,617.5205590567313,0.9910809306654581,1537328780043.2368
