fold_start,train_end,forecast_start,forecast_end,horizon_days,MAE,RMSE,MAPE,R2
2021-01-01,2020-12-31,2021-01-01,2021-01-31,30,383.33,494.49,2.0,0.2512
2021-01-31,2021-01-30,2021-01-31,2021-03-02,30,469.65,595.2,2.76,0.9556
2021-03-02,2021-03-01,2021-03-02,2021-04-01,30,789.28,1005.7,4.35,-0.7228
2021-04-01,2021-03-31,2021-04-01,2021-05-01,30,658.49,863.87,3.71,-0.0139
2021-05-01,2021-04-30,2021-05-01,2021-05-31,30,758.42,866.23,6.77,0.962
2021-05-31,2021-05-30,2021-05-31,2021-06-30,30,771.35,917.61,4.46,0.9084
2021-06-30,2021-06-29,2021-06-30,2021-07-30,30,670.38,885.34,63.84,0.987
2021-07-30,2021-07-29,2021-07-30,2021-08-29,30,505.21,679.22,16.24,0.9894
2021-08-29,2021-08-28,2021-08-29,2021-09-28,30,893.86,1161.46,47.48,0.9705
2021-09-28,2021-09-27,2021-09-28,2021-10-28,30,520.54,625.54,8.2,0.987
2021-10-28,2021-10-27,2021-10-28,2021-11-27,30,740.03,971.02,4.38,0.8869
2021-11-27,2021-11-26,2021-11-27,2021-12-27,30,525.03,650.94,4.15,0.9785
2021-12-27,2021-12-26,2021-12-27,2022-01-26,30,941.87,1465.13,8.72,0.8783
2022-01-26,2022-01-25,2022-01-26,2022-02-25,30,498.44,588.31,2.59,0.0032
2022-02-25,2022-02-24,2022-02-25,2022-03-27,30,616.35,838.2,3.48,0.5051
2022-03-27,2022-03-26,2022-03-27,2022-04-26,30,757.87,954.58,4.71,0.7436
2022-04-26,2022-04-25,2022-04-26,2022-05-26,30,676.63,831.47,3.72,-0.2233
2022-05-26,2022-05-25,2022-05-26,2022-06-25,30,456.73,585.48,2.4,0.7993
2022-06-25,2022-06-24,2022-06-25,2022-07-25,30,779.34,1031.33,6318872884205.14,0.9687
2022-07-25,2022-07-24,2022-07-25,2022-08-24,30,377.77,495.45,1638275706499.52,0.9888
2022-08-24,2022-08-23,2022-08-24,2022-09-23,30,591.46,769.17,26.64,0.9878
2022-09-23,2022-09-22,2022-09-23,2022-10-23,30,578.77,689.17,3.78,0.9379
2022-10-23,2022-10-22,2022-10-23,2022-11-22,30,529.95,641.22,2.84,0.8567
2022-11-22,2022-11-21,2022-11-22,2022-12-22,30,651.32,965.91,4.79,0.9123
2022-12-22,2022-12-21,2022-12-22,2023-01-21,30,429.1,515.28,2.29,0.8933
2023-01-21,2023-01-20,2023-01-21,2023-02-20,30,347.38,437.72,1.81,0.3826
2023-02-20,2023-02-19,2023-02-20,2023-03-22,30,670.5,808.79,4.48,0.9573
2023-03-22,2023-03-21,2023-03-22,2023-04-21,30,669.15,770.95,3.99,0.8582
2023-04-21,2023-04-20,2023-04-21,2023-05-21,30,613.15,783.07,3.59,0.8674
2023-05-21,2023-05-20,2023-05-21,2023-06-20,30,501.73,635.76,455241699223.58,0.9911
2023-06-20,2023-06-19,2023-06-20,2023-07-20,30,452.4,602.48,615417887379.79,0.9937
2023-07-20,2023-07-19,2023-07-20,2023-08-19,30,516.92,742.04,61.98,0.9882
2023-08-19,2023-08-18,2023-08-19,2023-09-18,30,425.96,502.45,14.86,0.9937
2023-09-18,2023-09-17,2023-09-18,2023-10-18,30,534.5,701.26,279674936930.73,0.9834
2023-10-18,2023-10-17,2023-10-18,2023-11-17,30,667.8,801.11,7.64,0.9454
2023-11-17,2023-11-16,2023-11-17,2023-12-17,30,627.4,859.66,3.78,0.935
2023-12-17,2023-12-16,2023-12-17,2024-01-16,30,465.38,553.65,19.21,0.9907
2024-01-16,2024-01-15,2024-01-16,2024-02-15,30,522.69,711.44,6.44,0.9872
2024-02-15,2024-02-14,2024-02-15,2024-03-16,30,569.09,766.49,3.26,0.9197
2024-03-16,2024-03-15,2024-03-16,2024-04-15,30,472.59,570.57,22.67,0.992
2024-04-15,2024-04-14,2024-04-15,2024-05-15,30,542.51,719.07,6.73,0.986
2024-05-15,2024-05-14,2024-05-15,2024-06-14,30,544.98,658.36,2.93,0.5095
2024-06-14,2024-06-13,2024-06-14,2024-07-14,30,376.19,467.8,7.45,0.9958
2024-07-14,2024-07-13,2024-07-14,2024-08-13,30,265.8,404.39,409886423782.69,0.9936
2024-08-13,2024-08-12,2024-08-13,2024-09-12,30,361.63,547.57,290189145426.76,0.9955
2024-09-12,2024-09-11,2024-09-12,2024-10-12,30,470.53,574.8,2.65,0.9674
2024-10-12,2024-10-11,2024-10-12,2024-11-11,30,597.69,717.6,5.55,0.9816
2024-11-11,2024-11-10,2024-11-11,2024-12-11,30,549.89,688.47,2.95,0.8597
2024-12-11,2024-12-10,2024-12-11,2025-01-10,30,584.69,674.9,3.11,0.6958
2025-01-10,2025-01-09,2025-01-10,2025-02-09,30,519.38,651.12,2.7,-0.5148
2025-02-09,2025-02-08,2025-02-09,2025-03-11,30,608.72,789.22,5.7,0.9781
2025-03-11,2025-03-10,2025-03-11,2025-04-10,30,705.44,865.33,4.11,0.6297
2025-04-10,2025-04-09,2025-04-10,2025-05-10,30,583.16,735.3,3.32,0.0702
2025-05-10,2025-05-09,2025-05-10,2025-06-09,30,535.7,708.17,3.05,0.4042
2025-06-09,2025-06-08,2025-06-09,2025-07-09,30,303.39,368.49,954311828794.23,0.9976
2025-07-09,2025-07-08,2025-07-09,2025-08-08,30,337.24,423.96,41.31,0.9964
2025-08-08,2025-08-07,2025-08-08,2025-09-07,30,307.53,413.8,279808069914.45,0.996
2025-09-07,2025-09-06,2025-09-07,2025-10-07,30,320.46,412.67,318752120356.58,0.9968
2025-10-07,2025-10-06,2025-10-07,2025-11-06,30,359.63,411.45,4.92,0.9958
2025-11-06,2025-11-05,2025-11-06,2025-12-06,30,417.17,501.35,2.17,0.0066
2025-12-06,2025-12-05,2025-12-06,2026-01-05,30,613.51,790.32,3.55,0.9176
2026-01-05,2026-01-04,2026-01-05,2026-02-04,30,430.72,565.44,2.47,0.9731
2026-02-04,2026-02-03,2026-02-04,2026-03-06,30,468.1,577.66,2.61,0.841
2026-03-06,2026-03-05,2026-03-06,2026-04-05,30,709.89,913.35,5.83,0.9688
2026-04-05,2026-04-04,2026-04-05,2026-05-05,30,764.62,923.34,4.23,0.65
2026-05-05,2026-05-04,2026-05-05,2026-06-04,30,580.52,748.47,3.24,0.2591
2026-06-04,2026-06-03,2026-06-04,2026-07-04,30,482.82,588.26,2.52,-0.0701
2026-07-04,2026-07-03,2026-07-04,2026-08-03,30,361.04,495.5,257271931998.54,0.9954
2026-08-03,2026-08-02,2026-08-03,2026-09-02,30,455.85,579.18,4.16,0.9882
2026-09-02,2026-09-01,2026-09-02,2026-10-02,30,420.75,482.47,6.81,0.9937
2026-10-02,2026-10-01,2026-10-02,2026-10-03,1,149.47,149.47,0.81,
