date,solar_generation_mw,predicted_solar_generation_mw,fold_number,horizon
2021-01-01,19786.365835179105,19724.463,1,1
2021-01-02,19043.843806384444,19665.65,1,2
2021-01-03,20000.0,19691.256,1,3
2021-01-04,20000.0,19654.592,1,4
2021-01-05,19816.500998571224,19694.527,1,5
2021-01-06,20000.0,19588.188,1,6
2021-01-07,20000.0,19798.0,1,7
2021-01-08,20000.0,19743.887,1,8
2021-01-09,20000.0,19735.236,1,9
2021-01-10,20000.0,19802.178,1,10
2021-01-11,20000.0,19887.703,1,11
2021-01-12,19047.901646149618,19824.332,1,12
2021-01-13,20000.0,19605.71,1,13
2021-01-14,17775.47106955055,17820.031,1,14
2021-01-15,19778.04305869388,19696.234,1,15
2021-01-16,20000.0,19644.94,1,16
2021-01-17,18773.48082597945,19702.014,1,17
2021-01-18,18980.62353114069,19724.354,1,18
2021-01-19,18835.51663155808,19788.133,1,19
2021-01-20,18958.576053553832,19630.72,1,20
2021-01-21,19671.991805406957,19463.836,1,21
2021-01-22,19897.83741984701,19690.1,1,22
2021-01-23,19338.803840929,19319.416,1,23
2021-01-24,18467.71508066377,19406.688,1,24
2021-01-25,18800.34737853551,19550.293,1,25
2021-01-26,20000.0,19581.617,1,26
2021-01-27,19435.5318192465,19269.27,1,27
2021-01-28,20000.0,19486.566,1,28
2021-01-29,19888.682876555467,19382.281,1,29
2021-01-30,19384.89110248349,19113.25,1,30
2021-01-31,19973.05989475033,19220.465,2,1
2021-02-01,19409.396631380325,18975.445,2,2
2021-02-02,19613.385429671496,19548.459,2,3
2021-02-03,18463.646955671506,19308.271,2,4
2021-02-04,19066.87711841304,19473.072,2,5
2021-02-05,19419.62545779505,19292.223,2,6
2021-02-06,19736.9811698188,19169.428,2,7
2021-02-07,18849.81353264957,19109.55,2,8
2021-02-08,18970.349603275856,19099.217,2,9
2021-02-09,10163.58297852974,9762.286,2,10
2021-02-10,6147.820922787586,6680.517,2,11
2021-02-11,19694.9063946808,18789.416,2,12
2021-02-12,17945.061219576775,19264.584,2,13
2021-02-13,18618.803019513158,19398.176,2,14
2021-02-14,18647.306418658245,19382.492,2,15
2021-02-15,18192.728933454226,19484.127,2,16
2021-02-16,18998.871814327373,19310.465,2,17
2021-02-17,19440.68271505868,19097.104,2,18
2021-02-18,18776.42614331672,18855.418,2,19
2021-02-19,19105.483273792925,18731.86,2,20
2021-02-20,19390.5690089196,19073.246,2,21
2021-02-21,19269.573078402354,18557.512,2,22
2021-02-22,18545.49208277498,18822.787,2,23
2021-02-23,19627.409724962454,18912.938,2,24
2021-02-24,19863.809908710213,19196.846,2,25
2021-02-25,19189.092813062784,18789.795,2,26
2021-02-26,19367.0736009962,19003.828,2,27
2021-02-27,18837.367911502,18994.615,2,28
2021-02-28,18835.381753159312,19009.846,2,29
2021-03-01,18143.34568867556,17992.33,2,30
2021-03-02,18330.514562020267,17827.236,3,1
2021-03-03,19276.720601514207,18169.627,3,2
2021-03-04,17452.320659043104,18765.24,3,3
2021-03-05,18006.60219070284,18635.02,3,4
2021-03-06,17419.571029780494,17974.432,3,5
2021-03-07,18369.13105421573,18706.506,3,6
2021-03-08,17759.27588155653,18500.246,3,7
2021-03-09,16631.255534692413,18880.29,3,8
2021-03-10,17463.281631181344,18963.258,3,9
2021-03-11,18819.897532667404,18416.514,3,10
2021-03-12,18596.95366366385,19127.012,3,11
2021-03-13,17560.71809833852,18412.0,3,12
2021-03-14,18027.53186985329,18860.059,3,13
2021-03-15,18775.498854411308,19042.283,3,14
2021-03-16,18344.58206981205,18907.69,3,15
2021-03-17,18457.53410557572,18554.453,3,16
2021-03-18,18399.762274598663,18646.355,3,17
2021-03-19,18459.28088342004,18498.629,3,18
2021-03-20,17570.608667430668,18129.564,3,19
2021-03-21,16996.40976447463,18456.898,3,20
2021-03-22,18308.124005504127,18693.74,3,21
2021-03-23,17114.40869154534,17787.742,3,22
2021-03-24,17684.555091489816,17664.115,3,23
2021-03-25,16988.648282402406,17588.564,3,24
2021-03-26,18336.25438324897,17534.477,3,25
2021-03-27,18745.969770984688,17404.727,3,26
2021-03-28,19728.683776321,17462.176,3,27
2021-03-29,19855.946422299,17575.865,3,28
2021-03-30,17672.043764974725,17958.104,3,29
2021-03-31,18095.233990664397,17293.719,3,30
2021-04-01,18042.446963612685,17288.275,4,1
2021-04-02,17289.06031001688,17291.926,4,2
2021-04-03,17863.948028949988,17315.928,4,3
2021-04-04,17635.44632161336,17329.219,4,4
2021-04-05,17985.56170990162,17465.783,4,5
2021-04-06,17136.536977172094,17599.916,4,6
2021-04-07,16676.42061112221,17637.84,4,7
2021-04-08,15768.03191368436,17337.459,4,8
2021-04-09,16316.55116386405,17326.727,4,9
2021-04-10,18050.473128926555,17313.125,4,10
2021-04-11,18305.473829775397,17358.432,4,11
2021-04-12,19632.406975186463,17615.607,4,12
2021-04-13,18974.745129034935,17461.803,4,13
2021-04-14,17929.626101614944,17577.633,4,14
2021-04-15,18671.55443581242,17749.285,4,15
2021-04-16,18007.952983011364,18236.523,4,16
2021-04-17,17849.409848784893,17910.96,4,17
2021-04-18,17956.578791168606,17706.783,4,18
2021-04-19,18208.426688147243,17911.873,4,19
2021-04-20,17590.036387355365,18050.11,4,20
2021-04-21,18186.88288359673,18281.646,4,21
2021-04-22,16834.73479087086,17582.28,4,22
2021-04-23,17484.207724550724,17559.404,4,23
2021-04-24,18289.128604233352,17560.379,4,24
2021-04-25,18529.391704250495,17869.908,4,25
2021-04-26,19278.2908585222,18464.902,4,26
2021-04-27,18387.80060853984,17757.275,4,27
2021-04-28,18637.018410995133,17649.852,4,28
2021-04-29,18295.76152256748,17965.416,4,29
2021-04-30,18157.07188311333,18076.033,4,30
2021-05-01,11870.798402450424,11146.306,5,1
2021-05-02,18130.926559531337,18090.45,5,2
2021-05-03,17433.93589245126,18250.527,5,3
2021-05-04,18241.307564228555,18513.998,5,4
2021-05-05,18328.676447333284,18548.62,5,5
2021-05-06,17806.79987946684,18461.244,5,6
2021-05-07,17306.39395064099,18710.176,5,7
2021-05-08,17532.316253104505,18826.473,5,8
2021-05-09,17143.858449990505,18528.543,5,9
2021-05-10,19456.84408861845,17755.54,5,10
2021-05-11,17847.35539096155,17625.621,5,11
2021-05-12,18669.91537237024,17937.055,5,12
2021-05-13,17625.943111612454,18129.03,5,13
2021-05-14,17615.962726303387,17620.598,5,14
2021-05-15,18696.31813784855,17784.14,5,15
2021-05-16,17308.040350601997,16433.682,5,16
2021-05-17,4697.294883593731,5437.6626,5,17
2021-05-18,1042.5066390267966,2235.6902,5,18
2021-05-19,5395.555831323419,6293.752,5,19
2021-05-20,17416.41997724855,18040.36,5,20
2021-05-21,18985.656313303392,17407.334,5,21
2021-05-22,17790.277549229744,17918.062,5,22
2021-05-23,17123.71539484796,18794.648,5,23
2021-05-24,16986.802776550758,17999.668,5,24
2021-05-25,18125.24336765241,17998.693,5,25
2021-05-26,18755.85794336465,17850.38,5,26
2021-05-27,18745.66099641544,17784.45,5,27
2021-05-28,18303.212904158703,17819.398,5,28
2021-05-29,18903.502348534847,17933.2,5,29
2021-05-30,18648.106648866386,18201.482,5,30
2021-05-31,18759.58794355173,17829.979,6,1
2021-06-01,19099.349891053676,18073.383,6,2
2021-06-02,19873.316759604662,18330.676,6,3
2021-06-03,20000.0,19085.09,6,4
2021-06-04,18744.85625426801,19149.45,6,5
2021-06-05,18631.783549273936,19062.996,6,6
2021-06-06,19861.903163711457,18990.55,6,7
2021-06-07,19085.714562769783,19167.674,6,8
2021-06-08,20000.0,19078.305,6,9
2021-06-09,19498.104749167163,18989.86,6,10
2021-06-10,20000.0,18977.268,6,11
2021-06-11,19719.614873717383,19033.29,6,12
2021-06-12,19986.48435561456,19025.135,6,13
2021-06-13,20000.0,18539.691,6,14
2021-06-14,19372.29586518901,18012.346,6,15
2021-06-15,19140.6088212395,18684.494,6,16
2021-06-16,15756.728086272527,17664.121,6,17
2021-06-17,19508.26061647772,19243.457,6,18
2021-06-18,18464.40204680328,19231.96,6,19
2021-06-19,7502.922506428013,7650.9326,6,20
2021-06-20,7802.355194312617,8285.213,6,21
2021-06-21,20000.0,17957.635,6,22
2021-06-22,18054.7150679224,19374.129,6,23
2021-06-23,18814.27053807805,19180.234,6,24
2021-06-24,17405.66554538809,18016.06,6,25
2021-06-25,19359.57693077481,19069.797,6,26
2021-06-26,18372.39393149605,17816.602,6,27
2021-06-27,19428.74081237836,19098.164,6,28
2021-06-28,19141.330928489573,19318.047,6,29
2021-06-29,19430.932672779218,18953.639,6,30
2021-06-30,19840.90610437863,18262.93,7,1
2021-07-01,18166.856887379872,18035.074,7,2
2021-07-02,20000.0,18846.975,7,3
2021-07-03,18059.8311742101,16030.492,7,4
2021-07-04,19834.28306737866,18866.99,7,5
2021-07-05,19902.725298808236,19363.613,7,6
2021-07-06,19797.02090486496,18160.23,7,7
2021-07-07,20000.0,19263.883,7,8
2021-07-08,5832.515437254842,6013.7305,7,9
2021-07-09,9556.95368031225,11844.227,7,10
2021-07-10,19287.91297963489,19235.545,7,11
2021-07-11,2168.0590268843976,3555.3777,7,12
2021-07-12,205.76533416439867,396.40097,7,13
2021-07-13,2764.213533955648,3688.7717,7,14
2021-07-14,9881.589237928463,9802.965,7,15
2021-07-15,4966.265443038062,4833.6353,7,16
2021-07-16,15416.373353898576,15181.112,7,17
2021-07-17,17340.704862647002,17940.281,7,18
2021-07-18,4838.769894440526,4408.7734,7,19
2021-07-19,2875.818384593062,3102.5305,7,20
2021-07-20,6616.109981449007,5863.7593,7,21
2021-07-21,13598.531880140188,14358.657,7,22
2021-07-22,12080.138935402814,13327.113,7,23
2021-07-23,5288.682833252117,6104.838,7,24
2021-07-24,58.953761719646025,334.3859,7,25
2021-07-25,318.61548185573577,504.7604,7,26
2021-07-26,846.5374838839984,1126.8304,7,27
2021-07-27,63.999811237143824,566.10596,7,28
2021-07-28,325.3935624033836,496.56036,7,29
2021-07-29,1873.400290568728,1920.7375,7,30
2021-07-30,5408.732736338422,5607.076,8,1
2021-07-31,1456.0414787220973,1481.4741,8,2
2021-08-01,668.2585494499588,794.0573,8,3
2021-08-02,4125.628287120351,4169.761,8,4
2021-08-03,302.5445853585115,1207.6066,8,5
2021-08-04,5647.405225521359,5959.1426,8,6
2021-08-05,6867.690617660266,6548.1763,8,7
2021-08-06,1826.8638706337133,3502.1533,8,8
2021-08-07,19851.12388424356,19254.06,8,9
2021-08-08,20000.0,19330.896,8,10
2021-08-09,17773.878095397107,17045.117,8,11
2021-08-10,11658.297760077006,12695.642,8,12
2021-08-11,13060.499497568177,12699.587,8,13
2021-08-12,6381.546199015082,6242.989,8,14
2021-08-13,8315.377841141923,8301.63,8,15
2021-08-14,11565.969263234198,12914.453,8,16
2021-08-15,12550.911649044714,12857.355,8,17
2021-08-16,18773.70743758909,18769.635,8,18
2021-08-17,18766.513708198385,19451.773,8,19
2021-08-18,19321.738948304024,19515.043,8,20
2021-08-19,19332.505788551814,19422.092,8,21
2021-08-20,17479.540359391336,16424.627,8,22
2021-08-21,8141.913762894046,7227.2827,8,23
2021-08-22,3640.0631761996256,3883.8481,8,24
2021-08-23,20000.0,19405.977,8,25
2021-08-24,10306.942625432852,10621.786,8,26
2021-08-25,9007.678479475577,9042.351,8,27
2021-08-26,6268.697011275413,6669.8374,8,28
2021-08-27,8319.339611395133,7548.382,8,29
2021-08-28,19907.842496487207,19325.426,8,30
2021-08-29,19993.09204049139,19397.152,9,1
2021-08-30,19447.71036654261,17286.705,9,2
2021-08-31,10458.742626053683,10259.073,9,3
2021-09-01,305.6657322607548,436.4129,9,4
2021-09-02,218.8266882782984,367.6534,9,5
2021-09-03,8724.193912766239,8254.546,9,6
2021-09-04,4884.716349888056,7520.2896,9,7
2021-09-05,10153.834628817176,10271.292,9,8
2021-09-06,11047.758698600148,12328.685,9,9
2021-09-07,3568.0115697924566,4107.0737,9,10
2021-09-08,731.9030188428796,1764.7389,9,11
2021-09-09,192.73274030740265,422.11255,9,12
2021-09-10,411.89384212618273,490.0845,9,13
2021-09-11,1468.4739659082006,2961.9636,9,14
2021-09-12,1276.460186809701,2827.0913,9,15
2021-09-13,493.21052485995546,2949.8848,9,16
2021-09-14,1789.1330680920714,1751.852,9,17
2021-09-15,6152.79280449096,5963.074,9,18
2021-09-16,19280.51511554087,18748.16,9,19
2021-09-17,18770.898439103777,19431.688,9,20
2021-09-18,11769.308258298266,13371.382,9,21
2021-09-19,3555.843621699684,4291.8193,9,22
2021-09-20,9053.681285868486,10331.123,9,23
2021-09-21,6425.142826088058,7862.6147,9,24
2021-09-22,16927.89518808336,17112.943,9,25
2021-09-23,5403.7068767050505,5272.8394,9,26
2021-09-24,4334.34767400442,4855.82,9,27
2021-09-25,15604.445856595325,17115.57,9,28
2021-09-26,19344.18712309003,18707.994,9,29
2021-09-27,12405.923830600046,13215.767,9,30
2021-09-28,4969.626364746815,5799.392,10,1
2021-09-29,1767.8767515812197,2661.8267,10,2
2021-09-30,127.07902880756929,240.88434,10,3
2021-10-01,5102.602799070792,6336.2964,10,4
2021-10-02,17263.67721137631,18353.92,10,5
2021-10-03,19409.96972849298,18952.45,10,6
2021-10-04,20000.0,19294.402,10,7
2021-10-05,18924.7902556172,18995.371,10,8
2021-10-06,18117.660654279884,19119.334,10,9
2021-10-07,18427.807689055197,18527.33,10,10
2021-10-08,19387.562696314595,19101.195,10,11
2021-10-09,17993.669135565222,18621.139,10,12
2021-10-10,19357.11007248684,18866.54,10,13
2021-10-11,18962.39829345156,18677.045,10,14
2021-10-12,18882.760200029417,18921.637,10,15
2021-10-13,18560.24463644713,18701.775,10,16
2021-10-14,18977.57585440289,18745.748,10,17
2021-10-15,17998.879283074766,18589.682,10,18
2021-10-16,18890.274564701587,18784.697,10,19
2021-10-17,18865.85413784792,18771.297,10,20
2021-10-18,18358.03634356124,19186.016,10,21
2021-10-19,19034.32949700152,19036.896,10,22
2021-10-20,19531.88950917765,19079.562,10,23
2021-10-21,18662.034784183703,19091.465,10,24
2021-10-22,18836.812431274862,19308.512,10,25
2021-10-23,19830.15784133643,19190.8,10,26
2021-10-24,19016.865083402998,18621.896,10,27
2021-10-25,18824.05691592128,19145.3,10,28
2021-10-26,18910.820034235625,18903.443,10,29
2021-10-27,17896.59392107456,18725.559,10,30
2021-10-28,18018.483160318297,18727.68,11,1
2021-10-29,19020.91894605152,18774.096,11,2
2021-10-30,18463.5900602764,18817.373,11,3
2021-10-31,17221.988060942258,18979.14,11,4
2021-11-01,19462.485798183425,19041.908,11,5
2021-11-02,18821.705499585005,19099.832,11,6
2021-11-03,18296.88469028758,19208.715,11,7
2021-11-04,17821.79317551701,19182.451,11,8
2021-11-05,12750.941671663752,13581.867,11,9
2021-11-06,5421.670301738339,5814.1196,11,10
2021-11-07,20000.0,19366.666,11,11
2021-11-08,17718.82339287464,18175.5,11,12
2021-11-09,13933.988716785942,13822.136,11,13
2021-11-10,18726.17954938287,18579.44,11,14
2021-11-11,19383.484107752465,18835.473,11,15
2021-11-12,19463.93583860815,19447.266,11,16
2021-11-13,19775.573959434536,19382.11,11,17
2021-11-14,18654.221910886907,19238.385,11,18
2021-11-15,18718.276898687585,19324.762,11,19
2021-11-16,18983.179015279704,19403.223,11,20
2021-11-17,19742.96962816631,19454.42,11,21
2021-11-18,20000.0,18666.686,11,22
2021-11-19,15306.15937365827,18055.32,11,23
2021-11-20,16906.06395048458,17819.553,11,24
2021-11-21,20000.0,19014.26,11,25
2021-11-22,19630.177283149456,19426.428,11,26
2021-11-23,19450.70586109148,19300.81,11,27
2021-11-24,18371.39798913005,19240.01,11,28
2021-11-25,16778.321979298118,18448.338,11,29
2021-11-26,18759.67072497671,18430.781,11,30
2021-11-27,17776.035071172842,18681.854,12,1
2021-11-28,18811.803246915424,19313.54,12,2
2021-11-29,9143.945142985967,9996.1455,12,3
2021-11-30,6845.766641491201,7180.805,12,4
2021-12-01,4568.1017952559005,5869.6973,12,5
2021-12-02,19286.182144185612,19021.375,12,6
2021-12-03,18788.0121990302,19356.682,12,7
2021-12-04,19179.39979343951,19364.12,12,8
2021-12-05,19710.36435675714,19424.633,12,9
2021-12-06,18492.96897124743,19289.203,12,10
2021-12-07,19474.44776591191,19421.412,12,11
2021-12-08,20000.0,19423.13,12,12
2021-12-09,19874.729011849413,19531.16,12,13
2021-12-10,20000.0,19683.209,12,14
2021-12-11,19863.62863629836,19454.9,12,15
2021-12-12,20000.0,19276.49,12,16
2021-12-13,19055.714246927266,19654.002,12,17
2021-12-14,19726.494822719516,19444.13,12,18
2021-12-15,19537.82870896256,19473.27,12,19
2021-12-16,18999.70541249989,19663.496,12,20
2021-12-17,19017.811116703804,19866.754,12,21
2021-12-18,19653.14232149772,19878.37,12,22
2021-12-19,19478.05390210457,19639.805,12,23
2021-12-20,18750.86396551529,19580.43,12,24
2021-12-21,19993.292321449877,19146.746,12,25
2021-12-22,20000.0,18932.92,12,26
2021-12-23,18714.61963572222,18595.133,12,27
2021-12-24,18882.596621710043,18723.078,12,28
2021-12-25,19019.92209461194,18486.965,12,29
2021-12-26,5342.082958619965,5962.55,12,30
2021-12-27,4425.684811487275,5743.0205,13,1
2021-12-28,18406.232210646693,18027.729,13,2
2021-12-29,19379.98635310378,19543.82,13,3
2021-12-30,19312.823550211564,18942.953,13,4
2021-12-31,20000.0,18968.781,13,5
2022-01-01,18737.42518696699,18435.186,13,6
2022-01-02,19994.43931746897,19429.19,13,7
2022-01-03,12441.588800438243,15986.789,13,8
2022-01-04,11416.326155536828,15896.389,13,9
2022-01-05,4397.8771070948205,7596.107,13,10
2022-01-06,15777.623940907744,17681.8,13,11
2022-01-07,14683.314502762489,16664.594,13,12
2022-01-08,19112.50819478961,19323.723,13,13
2022-01-09,18508.389197985027,19461.625,13,14
2022-01-10,20000.0,19775.23,13,15
2022-01-11,20000.0,19704.984,13,16
2022-01-12,18421.611258502773,19769.24,13,17
2022-01-13,18755.196488316076,19748.227,13,18
2022-01-14,19995.62151306389,19857.45,13,19
2022-01-15,20000.0,19885.127,13,20
2022-01-16,20000.0,19750.156,13,21
2022-01-17,19702.431386156804,19572.633,13,22
2022-01-18,19020.74094334349,19477.725,13,23
2022-01-19,18823.476715634795,19431.174,13,24
2022-01-20,20000.0,19376.988,13,25
2022-01-21,20000.0,19327.453,13,26
2022-01-22,19766.99143496755,19854.13,13,27
2022-01-23,20000.0,19540.002,13,28
2022-01-24,20000.0,19306.24,13,29
2022-01-25,20000.0,19337.863,13,30
2022-01-26,19046.7015216918,19601.256,14,1
2022-01-27,20000.0,19634.9,14,2
2022-01-28,19831.14726932841,19510.453,14,3
2022-01-29,19503.77518729248,19396.453,14,4
2022-01-30,19597.34281515777,19250.777,14,5
2022-01-31,19813.70766718047,19574.049,14,6
2022-02-01,19321.132136065287,18972.018,14,7
2022-02-02,19763.86213914735,19352.016,14,8
2022-02-03,19267.56279078108,19187.791,14,9
2022-02-04,19008.18145304892,19486.533,14,10
2022-02-05,20000.0,19245.41,14,11
2022-02-06,19587.840014228164,19430.057,14,12
2022-02-07,19050.62445978274,19177.537,14,13
2022-02-08,20000.0,19064.367,14,14
2022-02-09,20000.0,19219.111,14,15
2022-02-10,20000.0,19227.705,14,16
2022-02-11,19572.910064341395,19083.188,14,17
2022-02-12,19681.90140216825,18622.117,14,18
2022-02-13,19323.77086724716,19056.588,14,19
2022-02-14,19296.01033721612,19130.467,14,20
2022-02-15,18233.19984170992,18927.69,14,21
2022-02-16,19027.544045073944,18993.418,14,22
2022-02-17,18571.882584066665,18994.857,14,23
2022-02-18,18065.200077013746,19041.088,14,24
2022-02-19,19497.53669083933,18872.457,14,25
2022-02-20,19540.093112768594,18899.764,14,26
2022-02-21,20000.0,19055.896,14,27
2022-02-22,20000.0,19222.33,14,28
2022-02-23,19457.03174611516,19064.79,14,29
2022-02-24,18508.43261372002,18759.11,14,30
2022-02-25,19234.78591204457,18463.041,15,1
2022-02-26,19149.42659054598,18870.111,15,2
2022-02-27,18608.33371850288,18837.234,15,3
2022-02-28,17908.969988782854,18698.121,15,4
2022-03-01,17382.665470805772,18825.936,15,5
2022-03-02,17109.93915413492,18936.648,15,6
2022-03-03,17892.13303716073,18328.191,15,7
2022-03-04,17621.040444513183,18311.87,15,8
2022-03-05,16292.380249810269,18680.027,15,9
2022-03-06,13443.447520148831,12514.88,15,10
2022-03-07,19420.209516017443,18670.06,15,11
2022-03-08,19212.33592192868,18077.41,15,12
2022-03-09,19075.539159944645,17738.377,15,13
2022-03-10,18095.556542131453,18575.492,15,14
2022-03-11,17566.450195654896,17756.549,15,15
2022-03-12,17264.457770004137,17751.564,15,16
2022-03-13,17937.47691773538,17726.062,15,17
2022-03-14,18053.64106609314,17795.367,15,18
2022-03-15,18531.49361032493,17999.875,15,19
2022-03-16,18391.43675874246,18101.797,15,20
2022-03-17,17623.207856725625,17784.951,15,21
2022-03-18,16973.775062651104,17878.844,15,22
2022-03-19,17462.86548497573,17600.756,15,23
2022-03-20,17542.11401969271,17788.865,15,24
2022-03-21,18820.26035334484,17656.996,15,25
2022-03-22,18561.021498889782,18178.686,15,26
2022-03-23,19015.70162825102,17772.37,15,27
2022-03-24,18461.939681277832,18066.033,15,28
2022-03-25,17919.600715666133,17683.45,15,29
2022-03-26,17332.46833553346,17590.674,15,30
2022-03-27,17850.037222900282,17769.387,16,1
2022-03-28,18275.439700311697,17984.809,16,2
2022-03-29,18283.25260588197,18255.256,16,3
2022-03-30,17103.922408390004,17752.764,16,4
2022-03-31,17144.00955618313,17738.748,16,5
2022-04-01,17797.56601645005,17548.072,16,6
2022-04-02,16677.847819007122,17596.371,16,7
2022-04-03,16102.246348035584,17773.336,16,8
2022-04-04,16195.76466523558,18015.545,16,9
2022-04-05,8704.119290783789,7158.636,16,10
2022-04-06,17477.523097836147,16518.215,16,11
2022-04-07,18234.562462608985,17596.666,16,12
2022-04-08,19038.394258440745,17912.496,16,13
2022-04-09,16943.692221508587,17723.457,16,14
2022-04-10,18456.667272222025,18365.955,16,15
2022-04-11,14503.621621386876,12184.931,16,16
2022-04-12,17583.191989829298,17713.135,16,17
2022-04-13,17870.289335467027,17254.008,16,18
2022-04-14,17526.949963060903,17929.574,16,19
2022-04-15,17352.509998474587,17319.41,16,20
2022-04-16,17553.92301268432,17262.703,16,21
2022-04-17,17445.30467825692,17621.305,16,22
2022-04-18,18374.07744429649,17746.896,16,23
2022-04-19,17139.80054609743,18069.855,16,24
2022-04-20,16112.690978836985,14762.1455,16,25
2022-04-21,18735.04201883253,17875.674,16,26
2022-04-22,19504.840705471244,17878.643,16,27
2022-04-23,18309.401429606743,17504.117,16,28
2022-04-24,17852.00573762119,17933.32,16,29
2022-04-25,18512.85563386936,16952.252,16,30
2022-04-26,19249.40308679049,17524.166,17,1
2022-04-27,18366.40579749212,17430.223,17,2
2022-04-28,17412.981587986356,17415.742,17,3
2022-04-29,18404.914770030537,17717.648,17,4
2022-04-30,17519.57171254539,17559.113,17,5
2022-05-01,17356.957370709588,17784.174,17,6
2022-05-02,18007.208154647586,18011.52,17,7
2022-05-03,17036.264454562428,17969.705,17,8
2022-05-04,17427.188494645678,17800.78,17,9
2022-05-05,18704.125113220263,17576.184,17,10
2022-05-06,18876.48410582426,18135.434,17,11
2022-05-07,18896.87543684818,18202.443,17,12
2022-05-08,17400.152170284782,17886.592,17,13
2022-05-09,18739.40242707321,17914.043,17,14
2022-05-10,17664.35564689922,18095.29,17,15
2022-05-11,17240.008708305046,18075.21,17,16
2022-05-12,18058.757517340397,18122.096,17,17
2022-05-13,18011.27618335153,17802.566,17,18
2022-05-14,17534.806438185966,17608.229,17,19
2022-05-15,18269.721122643576,18101.645,17,20
2022-05-16,17056.538837716125,18220.758,17,21
2022-05-17,17412.15113463345,18364.637,17,22
2022-05-18,17126.560358935174,18101.623,17,23
2022-05-19,17267.876468093793,18337.373,17,24
2022-05-20,19217.479991523836,18267.076,17,25
2022-05-21,18556.69006789066,17882.492,17,26
2022-05-22,19429.906241964312,18210.746,17,27
2022-05-23,18305.50869835561,17983.434,17,28
2022-05-24,17520.89639295919,18041.998,17,29
2022-05-25,17305.092931202453,18083.629,17,30
2022-05-26,18495.22395828156,18934.283,18,1
2022-05-27,18284.280205639538,17819.799,18,2
2022-05-28,18255.19871089592,18040.17,18,3
2022-05-29,18141.458910663907,18108.49,18,4
2022-05-30,18160.17325875252,18102.414,18,5
2022-05-31,18417.27739156196,18278.678,18,6
2022-06-01,18832.608168815037,18265.285,18,7
2022-06-02,18753.977847918937,18283.656,18,8
2022-06-03,18790.189905756823,18295.604,18,9
2022-06-04,19877.9835759688,18295.604,18,10
2022-06-05,20000.0,18260.252,18,11
2022-06-06,19372.85651495525,18359.486,18,12
2022-06-07,18139.42875553393,18420.523,18,13
2022-06-08,18680.40064171153,19032.49,18,14
2022-06-09,19165.02564841832,18496.877,18,15
2022-06-10,19224.23414963729,19124.66,18,16
2022-06-11,19193.426879887957,19040.576,18,17
2022-06-12,19406.06136877234,19095.725,18,18
2022-06-13,19125.526550917257,18899.033,18,19
2022-06-14,19786.9750297812,18950.756,18,20
2022-06-15,18975.13347267876,19069.299,18,21
2022-06-16,12793.262345223156,13323.1455,18,22
2022-06-17,19710.77483322512,19189.283,18,23
2022-06-18,18425.93905888192,19139.932,18,24
2022-06-19,19951.83069284282,19124.3,18,25
2022-06-20,19881.552191257048,19222.676,18,26
2022-06-21,19615.694564317248,19069.875,18,27
2022-06-22,20000.0,18981.746,18,28
2022-06-23,18392.63519788653,18865.027,18,29
2022-06-24,19254.81596567143,18569.068,18,30
2022-06-25,19269.95690322423,18950.176,19,1
2022-06-26,18536.625327292364,18769.877,19,2
2022-06-27,7298.675211575092,7091.441,19,3
2022-06-28,10433.734588719171,12053.218,19,4
2022-06-29,2242.6291895397253,3237.3782,19,5
2022-06-30,262.86692542267843,1992.3103,19,6
2022-07-01,2415.403293929364,2872.001,19,7
2022-07-02,113.38257777421234,645.83374,19,8
2022-07-03,5622.835259599618,6422.1284,19,9
2022-07-04,418.1501181462049,1161.2788,19,10
2022-07-05,1893.647412830463,2416.807,19,11
2022-07-06,1734.02108163078,2407.0874,19,12
2022-07-07,2231.480159282898,2593.011,19,13
2022-07-08,0.0,536.0142,19,14
2022-07-09,2758.1258308646384,2944.7268,19,15
2022-07-10,722.3672585778407,809.91486,19,16
2022-07-11,1241.7856179058747,1452.2886,19,17
2022-07-12,1400.2311981090932,4495.2773,19,18
2022-07-13,12868.208633364908,13328.025,19,19
2022-07-14,3618.263861694849,3418.6936,19,20
2022-07-15,2738.237162097608,3383.7363,19,21
2022-07-16,9260.740408056738,10962.207,19,22
2022-07-17,15918.300345605336,16080.412,19,23
2022-07-18,8021.8940141722,7361.818,19,24
2022-07-19,14193.386985163166,14829.826,19,25
2022-07-20,11324.585768063327,11013.547,19,26
2022-07-21,11177.231697539297,11489.959,19,27
2022-07-22,6040.574190552884,6050.692,19,28
2022-07-23,279.9137950185648,1244.3612,19,29
2022-07-24,0.0,576.7732,19,30
2022-07-25,0.0,144.99698,20,1
2022-07-26,9.054279871970987,135.32877,20,2
2022-07-27,6540.0137048763045,6941.625,20,3
2022-07-28,15681.833246709166,15819.212,20,4
2022-07-29,10804.394611340142,11629.569,20,5
2022-07-30,10498.83098462088,9610.927,20,6
2022-07-31,12025.149570063691,12585.51,20,7
2022-08-01,6824.540716357323,6154.196,20,8
2022-08-02,7515.162945767728,7402.182,20,9
2022-08-03,12446.00248022918,12443.998,20,10
2022-08-04,14.902265379302085,936.2041,20,11
2022-08-05,10.150895563136311,195.75414,20,12
2022-08-06,15.16883250769158,51.388103,20,13
2022-08-07,1194.1047065877913,1838.8868,20,14
2022-08-08,29.089378118401772,1028.0969,20,15
2022-08-09,4134.641617976152,4037.6985,20,16
2022-08-10,1736.8502979985738,1835.284,20,17
2022-08-11,25.39553594044894,169.63393,20,18
2022-08-12,45.88299731693721,1001.403,20,19
2022-08-13,2768.915037820102,3522.458,20,20
2022-08-14,3643.127514559729,3868.487,20,21
2022-08-15,1322.6057844816814,1375.5298,20,22
2022-08-16,0.0,126.49392,20,23
2022-08-17,0.0,68.7409,20,24
2022-08-18,117.10590028090512,223.0377,20,25
2022-08-19,3551.3173125126687,3951.5623,20,26
2022-08-20,10413.645795288348,11687.4795,20,27
2022-08-21,884.6869058352394,621.6403,20,28
2022-08-22,1093.9278787637852,1326.319,20,29
2022-08-23,851.4379873225321,871.121,20,30
2022-08-24,1248.0970026112807,1460.7749,21,1
2022-08-25,9628.613450279434,10977.733,21,2
2022-08-26,20000.0,19527.99,21,3
2022-08-27,19549.357511041468,19531.164,21,4
2022-08-28,13633.166916818716,14540.041,21,5
2022-08-29,10073.50700074573,11781.041,21,6
2022-08-30,19170.81164384966,18876.932,21,7
2022-08-31,19495.425396934428,18971.89,21,8
2022-09-01,8994.307603586629,11009.792,21,9
2022-09-02,8123.462507045703,8731.987,21,10
2022-09-03,20000.0,19412.023,21,11
2022-09-04,19824.531060449757,19540.062,21,12
2022-09-05,19157.17286289489,19298.273,21,13
2022-09-06,19985.177893486496,19049.129,21,14
2022-09-07,18985.174127915616,19205.66,21,15
2022-09-08,18113.00273785839,19046.652,21,16
2022-09-09,19075.18769150229,18852.643,21,17
2022-09-10,19063.725108947427,18376.156,21,18
2022-09-11,27.18417858181136,152.57281,21,19
2022-09-12,324.6694211305204,829.75323,21,20
2022-09-13,6260.490884869011,6439.7656,21,21
2022-09-14,3138.7154421810533,2964.4678,21,22
2022-09-15,5910.356357982021,6018.4634,21,23
2022-09-16,19172.56408141816,19374.81,21,24
2022-09-17,20000.0,19569.396,21,25
2022-09-18,20000.0,19013.955,21,26
2022-09-19,20000.0,19379.688,21,27
2022-09-20,20000.0,19412.021,21,28
2022-09-21,18559.569812195645,19432.234,21,29
2022-09-22,19915.950087192203,19351.715,21,30
2022-09-23,13499.562032208873,13261.277,22,1
2022-09-24,14567.932691452314,15548.195,22,2
2022-09-25,19947.84833530089,18883.078,22,3
2022-09-26,19984.56823779712,18893.764,22,4
2022-09-27,19338.911863988367,19499.488,22,5
2022-09-28,19057.3489433806,19542.576,22,6
2022-09-29,19363.97265485716,18151.412,22,7
2022-09-30,19723.93969855432,19643.322,22,8
2022-10-01,18728.997507727698,19159.418,22,9
2022-10-02,19668.013061621547,19135.105,22,10
2022-10-03,19692.75554343455,18740.078,22,11
2022-10-04,19001.08102613917,18918.414,22,12
2022-10-05,19616.51698383686,18897.436,22,13
2022-10-06,19417.745661452354,19086.941,22,14
2022-10-07,5256.64978587551,6866.8315,22,15
2022-10-08,19032.42120531873,17410.254,22,16
2022-10-09,17804.893384074665,18752.73,22,17
2022-10-10,17479.392936430817,18447.578,22,18
2022-10-11,17180.55669974887,18540.096,22,19
2022-10-12,17729.270001521058,18370.701,22,20
2022-10-13,18471.71650853521,18330.494,22,21
2022-10-14,18096.78365151533,18490.139,22,22
2022-10-15,18168.11018823773,18296.227,22,23
2022-10-16,18521.547751846767,18456.572,22,24
2022-10-17,19182.417900079407,18362.398,22,25
2022-10-18,19273.067069951467,18293.824,22,26
2022-10-19,19309.490834767654,18157.422,22,27
2022-10-20,19405.661307728853,18457.908,22,28
2022-10-21,17801.338878608633,18544.86,22,29
2022-10-22,18793.27606608548,18467.166,22,30
2022-10-23,17415.177681868612,18473.441,23,1
2022-10-24,18925.417493166773,18418.88,23,2
2022-10-25,19186.07125347052,18772.078,23,3
2022-10-26,19667.447030138545,19262.312,23,4
2022-10-27,19509.956724411222,18473.668,23,5
2022-10-28,18685.003611643,18804.275,23,6
2022-10-29,18289.14995989052,18647.402,23,7
2022-10-30,18813.909191489784,18674.543,23,8
2022-10-31,18099.40722845422,18942.424,23,9
2022-11-01,19229.157032696407,18895.568,23,10
2022-11-02,19783.89134632515,18988.205,23,11
2022-11-03,18969.001790472197,18873.057,23,12
2022-11-04,19747.268163583423,18834.004,23,13
2022-11-05,18531.88904649246,19017.85,23,14
2022-11-06,10255.245279781158,10158.943,23,15
2022-11-07,17010.398632022803,17508.209,23,16
2022-11-08,19575.48614562387,18834.469,23,17
2022-11-09,19051.553376191518,18979.395,23,18
2022-11-10,17995.71680522908,18895.648,23,19
2022-11-11,18519.850989081457,19268.512,23,20
2022-11-12,18460.66556991955,18935.92,23,21
2022-11-13,18650.21994857407,18710.934,23,22
2022-11-14,18318.946273779093,18939.66,23,23
2022-11-15,19004.92982233286,18782.297,23,24
2022-11-16,18841.22575953019,19025.047,23,25
2022-11-17,19267.694210300488,18928.496,23,26
2022-11-18,19534.08810800154,19082.564,23,27
2022-11-19,20000.0,18421.852,23,28
2022-11-20,18011.650949560422,19074.23,23,29
2022-11-21,19508.49106607713,19006.055,23,30
2022-11-22,19252.83302243185,18998.008,24,1
2022-11-23,19416.90158548328,18918.805,24,2
2022-11-24,19114.38344921947,18788.578,24,3
2022-11-25,11070.781039618436,12016.9375,24,4
2022-11-26,18991.925977265328,19243.37,24,5
2022-11-27,19665.52895743239,18595.883,24,6
2022-11-28,18690.89025610045,19329.607,24,7
2022-11-29,19489.04870100168,18603.611,24,8
2022-11-30,18753.062119736755,19295.162,24,9
2022-12-01,19798.18540611813,19226.074,24,10
2022-12-02,18921.73210903491,18973.598,24,11
2022-12-03,19889.94521984458,19195.283,24,12
2022-12-04,20000.0,19451.846,24,13
2022-12-05,19691.77150614381,19410.77,24,14
2022-12-06,19661.17161413475,19426.408,24,15
2022-12-07,19114.38309642221,19512.988,24,16
2022-12-08,19373.136804543443,19348.4,24,17
2022-12-09,18352.22741842446,19220.09,24,18
2022-12-10,18275.90432631412,19419.328,24,19
2022-12-11,19664.07748542204,19390.967,24,20
2022-12-12,20000.0,19583.809,24,21
2022-12-13,20000.0,19582.217,24,22
2022-12-14,19101.19596195573,19536.447,24,23
2022-12-15,20000.0,19317.2,24,24
2022-12-16,19936.26918623413,19136.705,24,25
2022-12-17,19621.33351876225,17044.373,24,26
2022-12-18,18221.131709473797,18935.318,24,27
2022-12-19,8006.156909399291,8408.37,24,28
2022-12-20,7487.160410346009,11052.97,24,29
2022-12-21,19612.62723654013,19455.43,24,30
2022-12-22,19057.40977197576,19474.924,25,1
2022-12-23,18768.548421473683,19483.803,25,2
2022-12-24,20000.0,19541.494,25,3
2022-12-25,19627.019822169503,19424.336,25,4
2022-12-26,19437.324890539618,19555.56,25,5
2022-12-27,19737.33133451419,19557.895,25,6
2022-12-28,19821.33552267119,19424.07,25,7
2022-12-29,19551.352659256947,18594.305,25,8
2022-12-30,19045.23021414164,19779.455,25,9
2022-12-31,20000.0,19757.117,25,10
2023-01-01,20000.0,19253.023,25,11
2023-01-02,14273.138143177312,15872.899,25,12
2023-01-03,20000.0,19795.383,25,13
2023-01-04,20000.0,19733.896,25,14
2023-01-05,20000.0,19756.215,25,15
2023-01-06,20000.0,19758.322,25,16
2023-01-07,20000.0,19682.38,25,17
2023-01-08,19981.27112946264,19511.02,25,18
2023-01-09,18738.64403870141,19511.133,25,19
2023-01-10,19759.203110931918,19500.994,25,20
2023-01-11,18890.723573719577,19674.61,25,21
2023-01-12,19169.01134912357,19877.312,25,22
2023-01-13,20000.0,19658.201,25,23
2023-01-14,20000.0,19590.018,25,24
2023-01-15,20000.0,19707.912,25,25
2023-01-16,19963.013549263967,19787.37,25,26
2023-01-17,19541.014764548137,19532.969,25,27
2023-01-18,19909.094625334288,19538.613,25,28
2023-01-19,12929.702549063735,12998.246,25,29
2023-01-20,20000.0,19845.814,25,30
2023-01-21,20000.0,19761.629,26,1
2023-01-22,19732.449601141623,19685.9,26,2
2023-01-23,20000.0,19742.4,26,3
2023-01-24,19227.6048725538,19562.105,26,4
2023-01-25,19865.502674067146,19728.824,26,5
2023-01-26,19924.152943393656,19712.656,26,6
2023-01-27,19437.35382794129,19721.9,26,7
2023-01-28,18858.91822359507,19599.94,26,8
2023-01-29,19310.49507801892,19743.748,26,9
2023-01-30,19726.639449355807,19570.184,26,10
2023-01-31,20000.0,19682.027,26,11
2023-02-01,20000.0,19666.049,26,12
2023-02-02,19551.192244834347,19312.592,26,13
2023-02-03,18105.26096006288,19139.463,26,14
2023-02-04,18778.431651216197,19135.164,26,15
2023-02-05,18965.58833250549,19204.164,26,16
2023-02-06,19108.77986949995,19541.768,26,17
2023-02-07,19745.14334651341,18877.654,26,18
2023-02-08,19058.21476576446,19035.361,26,19
2023-02-09,20000.0,19306.994,26,20
2023-02-10,18545.859649559643,19514.123,26,21
2023-02-11,18991.418553803476,18704.87,26,22
2023-02-12,18960.845607207302,19076.12,26,23
2023-02-13,18299.43801010971,19269.363,26,24
2023-02-14,20000.0,19117.236,26,25
2023-02-15,18086.34554203529,18964.873,26,26
2023-02-16,18332.083433276635,18745.67,26,27
2023-02-17,18944.25834879992,18772.984,26,28
2023-02-18,18899.7941612822,18774.998,26,29
2023-02-19,19593.532543655718,18648.977,26,30
2023-02-20,19784.216407830736,19108.514,27,1
2023-02-21,19241.347454826875,19034.09,27,2
2023-02-22,11221.750833984092,11989.547,27,3
2023-02-23,19820.37254383888,19421.807,27,4
2023-02-24,19218.96502414076,19118.275,27,5
2023-02-25,19593.984810434587,18633.959,27,6
2023-02-26,18861.66608011289,18623.895,27,7
2023-02-27,18206.53353058466,18274.957,27,8
2023-02-28,19030.311251968626,18718.895,27,9
2023-03-01,19026.412313009347,18284.367,27,10
2023-03-02,18618.08431287367,18353.676,27,11
2023-03-03,19297.04063667087,18325.758,27,12
2023-03-04,17055.256666283367,18512.318,27,13
2023-03-05,17642.962118394047,18426.867,27,14
2023-03-06,17547.172974735466,18647.873,27,15
2023-03-07,18000.09411332471,18658.35,27,16
2023-03-08,17668.05739733308,18317.67,27,17
2023-03-09,16875.159959091805,17703.998,27,18
2023-03-10,16762.15123602645,17681.006,27,19
2023-03-11,16825.431178417988,17914.408,27,20
2023-03-12,2831.039107977156,3302.1272,27,21
2023-03-13,18223.027378211515,17904.047,27,22
2023-03-14,6851.170063720601,7074.9355,27,23
2023-03-15,9287.51076720576,11267.816,27,24
2023-03-16,18311.172746737764,18931.047,27,25
2023-03-17,17839.294057821946,18939.283,27,26
2023-03-18,18067.05945632264,18693.432,27,27
2023-03-19,17971.10887782081,18349.416,27,28
2023-03-20,18304.716090221973,18802.725,27,29
2023-03-21,17550.300418555023,19088.123,27,30
2023-03-22,17880.99627759678,18600.545,28,1
2023-03-23,18456.836484441345,19133.805,28,2
2023-03-24,18747.69403814421,18754.984,28,3
2023-03-25,18295.361857512453,19056.393,28,4
2023-03-26,16971.65832723834,17829.475,28,5
2023-03-27,17985.70681353858,17963.45,28,6
2023-03-28,17167.34419201634,17848.953,28,7
2023-03-29,18192.552376086223,18753.68,28,8
2023-03-30,17527.15400902041,18523.371,28,9
2023-03-31,18580.554293709392,19140.29,28,10
2023-04-01,18812.09010811091,18068.041,28,11
2023-04-02,19036.25337877372,18254.408,28,12
2023-04-03,19222.941622033613,18434.35,28,13
2023-04-04,18478.60366674524,18288.787,28,14
2023-04-05,19222.95856282456,17762.902,28,15
2023-04-06,18565.830824731584,17548.492,28,16
2023-04-07,17773.736728934953,18154.088,28,17
2023-04-08,18331.8900501326,18214.42,28,18
2023-04-09,18852.853733980577,18150.72,28,19
2023-04-10,9166.164628716806,7993.3457,28,20
2023-04-11,16984.559763588742,18060.56,28,21
2023-04-12,13205.069412492458,14249.3545,28,22
2023-04-13,16241.162804048245,16385.908,28,23
2023-04-14,16833.560717722157,18270.7,28,24
2023-04-15,17533.75955615812,18222.799,28,25
2023-04-16,18545.307916550588,17703.934,28,26
2023-04-17,18801.76621000156,18136.215,28,27
2023-04-18,18386.05509233712,18587.873,28,28
2023-04-19,14546.415220268713,15439.322,28,29
2023-04-20,18090.012275516965,17963.47,28,30
2023-04-21,17962.423379437936,18336.158,29,1
2023-04-22,17674.681052940046,18054.67,29,2
2023-04-23,19253.830339926462,18246.953,29,3
2023-04-24,8500.205672604365,8586.029,29,4
2023-04-25,11109.94335382107,12068.341,29,5
2023-04-26,17366.28215633334,18506.35,29,6
2023-04-27,17461.57978890331,18372.754,29,7
2023-04-28,15761.649962984431,17399.443,29,8
2023-04-29,15898.363360234396,18532.627,29,9
2023-04-30,17937.77828545792,17976.236,29,10
2023-05-01,17559.117080338045,18144.188,29,11
2023-05-02,17441.252505831126,18878.016,29,12
2023-05-03,17789.36356507284,18256.393,29,13
2023-05-04,18976.2994537206,18161.098,29,14
2023-05-05,18179.9611969195,18807.115,29,15
2023-05-06,18918.89915122383,18657.945,29,16
2023-05-07,17757.095314983162,18191.14,29,17
2023-05-08,18335.735432278678,18147.887,29,18
2023-05-09,17177.27627068982,17882.08,29,19
2023-05-10,17711.21283240666,17882.299,29,20
2023-05-11,17689.809312056095,17880.443,29,21
2023-05-12,17042.6182654653,17784.27,29,22
2023-05-13,17663.6683011785,17759.44,29,23
2023-05-14,17661.59833580591,17817.166,29,24
2023-05-15,18723.045159956822,17966.705,29,25
2023-05-16,18326.8097108866,17900.41,29,26
2023-05-17,18136.56043356185,18039.092,29,27
2023-05-18,18728.18132284801,18142.848,29,28
2023-05-19,18542.45354778845,17938.467,29,29
2023-05-20,17921.403798567342,18037.432,29,30
2023-05-21,18332.98477235088,18299.164,30,1
2023-05-22,18517.55773498977,18245.809,30,2
2023-05-23,18445.567553557084,18349.729,30,3
2023-05-24,18936.48282277777,18352.764,30,4
2023-05-25,18755.23184850049,18278.553,30,5
2023-05-26,17441.260118256912,18208.879,30,6
2023-05-27,18693.124533848106,18382.445,30,7
2023-05-28,17279.131059519666,18428.896,30,8
2023-05-29,17935.69317081277,18808.506,30,9
2023-05-30,18873.091271111272,18729.652,30,10
2023-05-31,18622.622325498185,18745.877,30,11
2023-06-01,18688.852427394075,19426.914,30,12
2023-06-02,19473.68338194828,19268.174,30,13
2023-06-03,18558.390808538228,19175.947,30,14
2023-06-04,19985.16256991502,19323.244,30,15
2023-06-05,20000.0,18946.488,30,16
2023-06-06,18965.98765358094,19189.328,30,17
2023-06-07,19453.47898120505,18842.64,30,18
2023-06-08,18337.434481045948,19152.047,30,19
2023-06-09,18928.235968330388,18840.66,30,20
2023-06-10,19235.403950658118,18741.15,30,21
2023-06-11,17699.622807754487,18693.986,30,22
2023-06-12,11189.697097206668,10388.26,30,23
2023-06-13,1958.1020888247376,2143.094,30,24
2023-06-14,9025.326626022925,9214.619,30,25
2023-06-15,1415.774114671069,1983.0822,30,26
2023-06-16,6.1400218219638205,0.0,30,27
2023-06-17,0.0,125.62228,30,28
2023-06-18,1199.2775417300963,1580.145,30,29
2023-06-19,10094.11454643481,9153.333,30,30
2023-06-20,18887.508301749214,18278.992,31,1
2023-06-21,19188.441198129825,18250.9,31,2
2023-06-22,19914.225726251847,19359.69,31,3
2023-06-23,6613.219323781862,6244.518,31,4
2023-06-24,17985.58623075239,16903.844,31,5
2023-06-25,12662.30201492304,11867.958,31,6
2023-06-26,1723.8386681406323,1626.344,31,7
2023-06-27,11053.068125601514,11074.408,31,8
2023-06-28,1937.6366458822688,1945.9286,31,9
2023-06-29,2478.821452502931,2488.5217,31,10
2023-06-30,239.54985999724835,139.1282,31,11
2023-07-01,12625.695711236842,11809.077,31,12
2023-07-02,19570.956447998447,19023.088,31,13
2023-07-03,19070.73871464514,19274.688,31,14
2023-07-04,20000.0,19488.793,31,15
2023-07-05,10628.48502247921,11884.7295,31,16
2023-07-06,10724.959823483465,11717.56,31,17
2023-07-07,654.9747773465868,552.391,31,18
2023-07-08,0.0,82.6848,31,19
2023-07-09,0.0,51.971767,31,20
2023-07-10,4007.679848817773,4212.698,31,21
2023-07-11,19344.472610604644,19325.379,31,22
2023-07-12,11490.787007212512,11266.337,31,23
2023-07-13,255.3054804828111,549.3638,31,24
2023-07-14,17853.341695510408,16476.906,31,25
2023-07-15,7320.094028923128,7791.6157,31,26
2023-07-16,17021.111715636973,17178.092,31,27
2023-07-17,13269.984694389665,14092.578,31,28
2023-07-18,419.0870647527631,457.0599,31,29
2023-07-19,176.70825313684296,545.50275,31,30
2023-07-20,52.65611828729825,414.0314,32,1
2023-07-21,1011.9038101316344,1149.2709,32,2
2023-07-22,1125.2512441281708,1393.3645,32,3
2023-07-23,8.85752168394054,116.41008,32,4
2023-07-24,954.7899099447428,1141.8075,32,5
2023-07-25,4131.518891844167,4208.7075,32,6
2023-07-26,9368.376586282066,8612.624,32,7
2023-07-27,4171.844464619752,4051.9885,32,8
2023-07-28,7143.686396095215,6885.1543,32,9
2023-07-29,16408.937251296196,16918.781,32,10
2023-07-30,18999.477721705345,17848.062,32,11
2023-07-31,16599.882853818108,15683.443,32,12
2023-08-01,9848.101405982296,12288.522,32,13
2023-08-02,17345.50821218907,16770.365,32,14
2023-08-03,4309.042276502315,4660.447,32,15
2023-08-04,11017.694721915912,10186.291,32,16
2023-08-05,12326.5031258769,12042.525,32,17
2023-08-06,8356.827620703576,8415.212,32,18
2023-08-07,20000.0,18641.693,32,19
2023-08-08,15673.92252112446,14507.055,32,20
2023-08-09,5328.740445273716,5633.606,32,21
2023-08-10,13044.181627574888,13037.281,32,22
2023-08-11,18586.70864390026,18656.92,32,23
2023-08-12,14826.41123769296,14213.257,32,24
2023-08-13,11567.066014374444,12217.742,32,25
2023-08-14,1239.5033684026712,1322.9204,32,26
2023-08-15,4116.333334430144,4025.6096,32,27
2023-08-16,17152.411701251327,18637.521,32,28
2023-08-17,20000.0,19367.74,32,29
2023-08-18,20000.0,19511.805,32,30
2023-08-19,19927.86126430899,19529.629,33,1
2023-08-20,12437.435470187893,11928.375,33,2
2023-08-21,19659.25376207499,19541.275,33,3
2023-08-22,8323.629253847907,7629.431,33,4
2023-08-23,256.57372241829125,580.8222,33,5
2023-08-24,11097.16212490614,11406.861,33,6
2023-08-25,279.979579279622,1127.4205,33,7
2023-08-26,5151.984962669909,5166.1387,33,8
2023-08-27,18065.83132636872,18397.18,33,9
2023-08-28,20000.0,19155.262,33,10
2023-08-29,20000.0,19753.338,33,11
2023-08-30,20000.0,19427.889,33,12
2023-08-31,20000.0,19481.24,33,13
2023-09-01,19086.961338990262,19279.42,33,14
2023-09-02,19000.75829381767,19380.88,33,15
2023-09-03,19797.89985361171,19672.236,33,16
2023-09-04,19297.779361837056,19497.934,33,17
2023-09-05,19282.92516503264,19538.465,33,18
2023-09-06,18642.905559095463,19138.951,33,19
2023-09-07,20000.0,19264.365,33,20
2023-09-08,19749.2857891374,19274.7,33,21
2023-09-09,19175.00854311533,19265.502,33,22
2023-09-10,19564.50698030613,19221.871,33,23
2023-09-11,19510.53690878248,19234.764,33,24
2023-09-12,12141.728210300878,12941.251,33,25
2023-09-13,18362.577680591374,17961.143,33,26
2023-09-14,8907.156874401362,9020.007,33,27
2023-09-15,14909.99542713099,14409.85,33,28
2023-09-16,10835.098036964606,10154.103,33,29
2023-09-17,2128.58543119886,2329.7163,33,30
2023-09-18,3082.2442645388323,3368.746,34,1
2023-09-19,0.0,75.451744,34,2
2023-09-20,156.84146694298371,0.0,34,3
2023-09-21,16956.93769525192,18118.785,34,4
2023-09-22,14596.554834248853,15184.367,34,5
2023-09-23,19333.95197356124,18872.346,34,6
2023-09-24,18468.952735225048,19547.52,34,7
2023-09-25,18816.874465225064,19323.734,34,8
2023-09-26,18723.72185706109,18538.201,34,9
2023-09-27,19555.690234229824,18980.143,34,10
2023-09-28,18728.91085115053,19192.893,34,11
2023-09-29,20000.0,19350.598,34,12
2023-09-30,20000.0,19245.664,34,13
2023-10-01,19177.51902132463,18190.143,34,14
2023-10-02,17990.19446992385,18811.654,34,15
2023-10-03,19441.647217477217,18879.523,34,16
2023-10-04,19275.417411849838,19144.475,34,17
2023-10-05,18112.07527954064,19142.195,34,18
2023-10-06,19033.18941434621,19069.094,34,19
2023-10-07,18206.84134741148,19153.43,34,20
2023-10-08,19138.897234796223,19123.43,34,21
2023-10-09,19115.881950529794,19360.303,34,22
2023-10-10,18957.01939491674,19023.385,34,23
2023-10-11,19371.447062729865,19142.27,34,24
2023-10-12,19960.045162138747,18659.725,34,25
2023-10-13,17551.698381931714,18722.732,34,26
2023-10-14,19110.670993537184,18931.703,34,27
2023-10-15,19259.206818425944,19053.41,34,28
2023-10-16,18297.45315611279,19213.49,34,29
2023-10-17,19331.209162796044,19195.914,34,30
2023-10-18,19541.91709075217,18553.004,35,1
2023-10-19,18065.84850735765,18477.314,35,2
2023-10-20,18754.17275116321,18686.67,35,3
2023-10-21,17969.46419887539,18418.871,35,4
2023-10-22,18262.757324933067,18553.852,35,5
2023-10-23,19291.1138197777,18550.818,35,6
2023-10-24,18045.552918354977,18504.033,35,7
2023-10-25,18670.87235560928,18410.361,35,8
2023-10-26,17381.259373065943,18672.32,35,9
2023-10-27,20000.0,18953.031,35,10
2023-10-28,16518.46137108115,17601.451,35,11
2023-10-29,18934.893109390483,18414.291,35,12
2023-10-30,19476.27740700236,18608.773,35,13
2023-10-31,18290.306755581187,18702.94,35,14
2023-11-01,19677.86222949162,18536.17,35,15
2023-11-02,18620.74740048302,18580.707,35,16
2023-11-03,18739.82806104892,18852.746,35,17
2023-11-04,17804.48203987956,18082.43,35,18
2023-11-05,18363.86134219466,18849.768,35,19
2023-11-06,19109.04773988301,18599.533,35,20
2023-11-07,18708.99932950332,17671.643,35,21
2023-11-08,19124.704669425213,17805.105,35,22
2023-11-09,18743.53088663143,16934.494,35,23
2023-11-10,18722.44521877708,18838.469,35,24
2023-11-11,19348.58676568981,19022.281,35,25
2023-11-12,19263.659078167955,17941.77,35,26
2023-11-13,161.2269049386184,413.78836,35,27
2023-11-14,20000.0,19169.352,35,28
2023-11-15,20000.0,19277.172,35,29
2023-11-16,19006.52361820329,19399.615,35,30
2023-11-17,20000.0,19248.703,36,1
2023-11-18,19904.0419934132,19300.195,36,2
2023-11-19,19871.3969917692,18999.63,36,3
2023-11-20,19391.444047221583,19568.395,36,4
2023-11-21,19122.26153286584,19500.604,36,5
2023-11-22,18991.13638561373,19256.65,36,6
2023-11-23,19201.53800430525,19094.127,36,7
2023-11-24,19850.05517760305,18987.877,36,8
2023-11-25,6376.567291098163,6938.635,36,9
2023-11-26,19691.736247646637,19640.29,36,10
2023-11-27,20000.0,18319.303,36,11
2023-11-28,20000.0,19704.105,36,12
2023-11-29,20000.0,19682.71,36,13
2023-11-30,20000.0,19140.43,36,14
2023-12-01,19686.997188329795,19336.709,36,15
2023-12-02,18791.99453859648,19783.494,36,16
2023-12-03,19362.968548013763,19816.479,36,17
2023-12-04,18816.690317835968,19738.125,36,18
2023-12-05,19894.775078880863,19802.383,36,19
2023-12-06,19649.237537423745,19730.754,36,20
2023-12-07,19323.56653831252,19662.086,36,21
2023-12-08,17489.840631474075,19487.078,36,22
2023-12-09,18301.794846357134,19255.066,36,23
2023-12-10,19681.97212217002,19422.37,36,24
2023-12-11,19414.00241985747,19373.578,36,25
2023-12-12,14693.598552096311,17392.39,36,26
2023-12-13,6335.57616451869,6902.5005,36,27
2023-12-14,17193.349771130917,17658.396,36,28
2023-12-15,19725.35390730428,19205.76,36,29
2023-12-16,19866.82685890633,19383.418,36,30
2023-12-17,20000.0,19636.094,37,1
2023-12-18,16346.868420049934,17106.713,37,2
2023-12-19,5490.710817492232,5889.44,37,3
2023-12-20,34.03936477726072,0.0,37,4
2023-12-21,8539.136832016813,8939.736,37,5
2023-12-22,18958.42595569312,18175.912,37,6
2023-12-23,19439.62554852544,19470.828,37,7
2023-12-24,19269.20861252737,19639.775,37,8
2023-12-25,20000.0,19663.738,37,9
2023-12-26,19894.41270325049,19380.156,37,10
2023-12-27,206.67683533767712,1122.6208,37,11
2023-12-28,9857.735687604436,10691.652,37,12
2023-12-29,20000.0,19616.68,37,13
2023-12-30,20000.0,19672.408,37,14
2023-12-31,20000.0,19817.49,37,15
2024-01-01,19623.899785648464,19738.096,37,16
2024-01-02,18832.123579438477,19600.314,37,17
2024-01-03,20000.0,19465.76,37,18
2024-01-04,20000.0,19894.21,37,19
2024-01-05,19830.704809854786,19918.17,37,20
2024-01-06,19043.22399271693,19752.07,37,21
2024-01-07,19011.28077617437,19886.223,37,22
2024-01-08,18795.51276876759,19728.24,37,23
2024-01-09,18759.133186594296,19880.691,37,24
2024-01-10,19651.112552016584,19854.86,37,25
2024-01-11,20000.0,19713.535,37,26
2024-01-12,20000.0,19446.799,37,27
2024-01-13,18391.395637021986,19636.736,37,28
2024-01-14,19122.13220249664,19419.498,37,29
2024-01-15,19585.06355961004,19619.17,37,30
2024-01-16,18805.737528480604,18258.934,38,1
2024-01-17,12208.68709250871,13171.932,38,2
2024-01-18,19478.773804102973,19791.545,38,3
2024-01-19,19558.473201815814,19520.035,38,4
2024-01-20,19534.34911461558,19129.787,38,5
2024-01-21,14012.403076732991,15184.718,38,6
2024-01-22,19230.481087383992,19528.062,38,7
2024-01-23,19101.87297205923,19077.01,38,8
2024-01-24,19585.69633523373,19645.734,38,9
2024-01-25,19275.23233611938,19542.14,38,10
2024-01-26,14737.534435662494,15335.863,38,11
2024-01-27,13242.6307562398,14152.564,38,12
2024-01-28,7441.300921111468,7553.3516,38,13
2024-01-29,3771.1653384301344,4108.8306,38,14
2024-01-30,1676.7478756475216,2272.421,38,15
2024-01-31,1339.0105306851913,1318.1276,38,16
2024-02-01,19111.519773386844,19360.822,38,17
2024-02-02,18810.31403830576,19067.998,38,18
2024-02-03,19020.07417079513,19292.688,38,19
2024-02-04,18875.547129184484,16421.22,38,20
2024-02-05,19521.58811876141,18132.951,38,21
2024-02-06,16461.929940831145,17635.51,38,22
2024-02-07,1079.7302244261327,1471.0161,38,23
2024-02-08,3592.8736456035526,3890.5715,38,24
2024-02-09,19409.422990542535,19520.89,38,25
2024-02-10,19241.66786570405,19312.293,38,26
2024-02-11,14224.617307295171,13931.763,38,27
2024-02-12,14135.968838176585,14056.281,38,28
2024-02-13,14078.551506802718,15047.917,38,29
2024-02-14,19933.12044479817,19252.557,38,30
2024-02-15,18256.02548170622,19396.729,39,1
2024-02-16,19206.317675288057,19380.791,39,2
2024-02-17,20000.0,19088.887,39,3
2024-02-18,19433.733658059995,19444.38,39,4
2024-02-19,12218.80192512734,12359.773,39,5
2024-02-20,19706.19590727197,19249.521,39,6
2024-02-21,19799.44779235381,19172.064,39,7
2024-02-22,17735.79837959243,19346.406,39,8
2024-02-23,17197.391310845014,17935.098,39,9
2024-02-24,18684.71138172293,18900.049,39,10
2024-02-25,9087.674833037048,9625.712,39,11
2024-02-26,9986.880417398635,9852.55,39,12
2024-02-27,19671.121529263903,19194.87,39,13
2024-02-28,18460.617621488625,19250.123,39,14
2024-02-29,18287.08591091555,18431.543,39,15
2024-03-01,13532.05448103065,14313.028,39,16
2024-03-02,18812.034626892662,18698.793,39,17
2024-03-03,17634.273788384133,18151.648,39,18
2024-03-04,17807.60081847055,17796.32,39,19
2024-03-05,18883.795626590378,17954.932,39,20
2024-03-06,18022.868570321483,18161.848,39,21
2024-03-07,17655.121317398458,18361.059,39,22
2024-03-08,16291.928501317092,17421.734,39,23
2024-03-09,17228.107297363484,18243.332,39,24
2024-03-10,18322.875151623222,17195.975,39,25
2024-03-11,19132.834020957474,18322.316,39,26
2024-03-12,19383.05711070266,18070.006,39,27
2024-03-13,18216.752546818945,18243.033,39,28
2024-03-14,19447.950448984917,17615.027,39,29
2024-03-15,17814.545323636532,17811.596,39,30
2024-03-16,18446.48507894226,17925.744,40,1
2024-03-17,16929.497395481023,17735.443,40,2
2024-03-18,17177.141359512294,17646.191,40,3
2024-03-19,10100.634081181612,9399.729,40,4
2024-03-20,9956.944476324185,10983.385,40,5
2024-03-21,18033.947929602586,17909.691,40,6
2024-03-22,17873.457248984145,18276.697,40,7
2024-03-23,10280.908756239936,11337.309,40,8
2024-03-24,18251.421462441453,18269.717,40,9
2024-03-25,18729.552131514083,18046.215,40,10
2024-03-26,17656.541353019027,18024.248,40,11
2024-03-27,12226.818075079527,12767.469,40,12
2024-03-28,1531.3914781927842,2395.238,40,13
2024-03-29,18813.35038057697,18167.512,40,14
2024-03-30,17618.524620553337,18116.125,40,15
2024-03-31,9039.48259303784,9454.819,40,16
2024-04-01,3468.904562716414,4210.123,40,17
2024-04-02,16088.017621733734,16232.162,40,18
2024-04-03,5045.125791971595,6162.8203,40,19
2024-04-04,654.8911504699486,597.1924,40,20
2024-04-05,179.03070074346485,558.5366,40,21
2024-04-06,17948.460066874286,17913.791,40,22
2024-04-07,17928.722704986365,18237.723,40,23
2024-04-08,16745.704429772213,17058.16,40,24
2024-04-09,18354.933796462374,17735.855,40,25
2024-04-10,13366.895184976109,12965.854,40,26
2024-04-11,18074.76844827149,17940.828,40,27
2024-04-12,17836.56898801457,18220.273,40,28
2024-04-13,17841.870926479336,18179.393,40,29
2024-04-14,58.916392928829126,193.64624,40,30
2024-04-15,638.4156706607374,886.61615,41,1
2024-04-16,12783.503428828724,13673.663,41,2
2024-04-17,17739.786062549087,17680.06,41,3
2024-04-18,16985.50244619479,18233.246,41,4
2024-04-19,17880.62416988645,17937.334,41,5
2024-04-20,1474.6689172562335,1856.0841,41,6
2024-04-21,17226.498603596352,18165.346,41,7
2024-04-22,17523.63230422673,18015.158,41,8
2024-04-23,16547.128553392937,18043.39,41,9
2024-04-24,18135.32600155432,18028.98,41,10
2024-04-25,18776.528833835247,18141.031,41,11
2024-04-26,19343.68399342904,18273.816,41,12
2024-04-27,17129.102897458397,18208.564,41,13
2024-04-28,18485.68940936828,18122.773,41,14
2024-04-29,18623.74546070543,17916.771,41,15
2024-04-30,17698.56092064182,17478.72,41,16
2024-05-01,17937.34772412552,17463.516,41,17
2024-05-02,3759.824786601713,3748.9934,41,18
2024-05-03,1298.0233052538017,1757.5316,41,19
2024-05-04,883.7213967410946,803.8881,41,20
2024-05-05,16469.400371504467,18058.436,41,21
2024-05-06,18014.810496997008,18155.596,41,22
2024-05-07,16302.941343950966,17983.09,41,23
2024-05-08,16998.26410311775,18153.707,41,24
2024-05-09,18026.346550691174,17752.852,41,25
2024-05-10,17903.257397933863,18085.258,41,26
2024-05-11,18337.961924469462,18058.129,41,27
2024-05-12,17851.38442374387,17787.115,41,28
2024-05-13,18260.1589974399,17806.473,41,29
2024-05-14,18219.80952874859,17790.965,41,30
2024-05-15,18001.447660439953,17852.008,42,1
2024-05-16,17887.67856682688,17717.697,42,2
2024-05-17,18449.499122266025,17970.229,42,3
2024-05-18,16996.66458372504,17645.867,42,4
2024-05-19,17603.02935668405,17582.713,42,5
2024-05-20,18138.210279713647,17731.52,42,6
2024-05-21,17997.360353715856,17682.084,42,7
2024-05-22,16490.224948482683,17567.11,42,8
2024-05-23,17014.193061864076,17529.354,42,9
2024-05-24,19583.99120123256,17969.508,42,10
2024-05-25,18986.66462692393,17923.322,42,11
2024-05-26,18861.355653154544,18208.857,42,12
2024-05-27,17945.790854580064,17887.832,42,13
2024-05-28,18421.20953925504,18292.705,42,14
2024-05-29,18676.10584985734,18242.98,42,15
2024-05-30,18168.790103239426,18708.96,42,16
2024-05-31,18130.32309018801,18615.686,42,17
2024-06-01,19453.4631751697,19190.332,42,18
2024-06-02,18748.075146949595,19005.994,42,19
2024-06-03,19441.18262582812,19163.115,42,20
2024-06-04,20000.0,19033.494,42,21
2024-06-05,18365.41454055092,19111.725,42,22
2024-06-06,19221.98443736805,18960.006,42,23
2024-06-07,18681.568429926123,19155.754,42,24
2024-06-08,19848.08752530451,19330.4,42,25
2024-06-09,18855.181201007952,19094.588,42,26
2024-06-10,19924.04083541107,19133.527,42,27
2024-06-11,20000.0,19333.602,42,28
2024-06-12,19632.930081128878,19258.357,42,29
2024-06-13,20000.0,19597.096,42,30
2024-06-14,18259.126925615703,19481.781,43,1
2024-06-15,20000.0,19385.271,43,2
2024-06-16,18439.190055211227,19409.06,43,3
2024-06-17,19903.445840398228,19376.018,43,4
2024-06-18,18584.38520270107,19353.88,43,5
2024-06-19,12137.990287048964,12846.592,43,6
2024-06-20,18873.638430651165,19457.1,43,7
2024-06-21,10607.777003428964,11189.519,43,8
2024-06-22,19144.302649014007,19261.43,43,9
2024-06-23,19993.50332178277,18976.852,43,10
2024-06-24,15252.643660099064,16192.659,43,11
2024-06-25,6391.619253730003,6237.806,43,12
2024-06-26,1298.7948449947908,1189.6737,43,13
2024-06-27,6271.778136466842,6456.038,43,14
2024-06-28,8748.8316922392,9330.879,43,15
2024-06-29,2049.00284598975,1701.8717,43,16
2024-06-30,1272.453448130751,1302.5215,43,17
2024-07-01,6809.408506930476,7375.5947,43,18
2024-07-02,370.30836916622496,513.0953,43,19
2024-07-03,7836.540799729486,8151.393,43,20
2024-07-04,839.662669498085,1389.1947,43,21
2024-07-05,435.24095196799504,426.59888,43,22
2024-07-06,6505.329495717145,6525.595,43,23
2024-07-07,19115.75443194634,19097.303,43,24
2024-07-08,6155.881574639443,6472.8984,43,25
2024-07-09,1376.579126306337,1269.6808,43,26
2024-07-10,15963.995939006256,15277.745,43,27
2024-07-11,13256.008842361118,12853.0625,43,28
2024-07-12,18177.47536697395,17643.965,43,29
2024-07-13,17280.80458304352,17683.71,43,30
2024-07-14,15542.946173944085,15294.909,44,1
2024-07-15,16018.49113817038,16976.66,44,2
2024-07-16,2366.5173767168094,2411.034,44,3
2024-07-17,3813.7815445022247,3586.6462,44,4
2024-07-18,3175.323048905212,3111.8284,44,5
2024-07-19,2606.654670737644,2730.77,44,6
2024-07-20,12799.472034987744,13194.161,44,7
2024-07-21,19910.418710269125,18471.703,44,8
2024-07-22,3032.694728264459,3144.8953,44,9
2024-07-23,698.199049701783,709.54095,44,10
2024-07-24,3630.8713479669073,3541.9358,44,11
2024-07-25,8735.346181069966,9142.612,44,12
2024-07-26,2470.8442931452973,2736.442,44,13
2024-07-27,2201.079058753353,2103.2598,44,14
2024-07-28,36.41096516421866,157.99994,44,15
2024-07-29,20.64637525490452,117.225426,44,16
2024-07-30,4159.583677083573,4561.442,44,17
2024-07-31,8453.694647695647,8705.871,44,18
2024-08-01,3187.545660589365,3003.7866,44,19
2024-08-02,0.0,116.54446,44,20
2024-08-03,69.88772443934778,97.08792,44,21
2024-08-04,6016.646688835975,6185.021,44,22
2024-08-05,2478.8429732055347,2539.5198,44,23
2024-08-06,50.77879785959716,166.57222,44,24
2024-08-07,5579.457918740192,6220.9087,44,25
2024-08-08,8740.912199499431,9347.73,44,26
2024-08-09,2550.777225996726,2528.632,44,27
2024-08-10,2503.9186024159035,2635.065,44,28
2024-08-11,2967.996111622833,3428.8623,44,29
2024-08-12,3675.250530585458,3429.545,44,30
2024-08-13,11387.790277730364,11607.367,45,1
2024-08-14,1392.334255176169,1477.3722,45,2
2024-08-15,2561.469039148598,2935.087,45,3
2024-08-16,1104.2781738192728,1057.2782,45,4
2024-08-17,40.610089079046325,190.59917,45,5
2024-08-18,7932.985876733213,8573.762,45,6
2024-08-19,17008.811722087532,17615.031,45,7
2024-08-20,19024.36696038746,19234.299,45,8
2024-08-21,18645.026655262114,19566.8,45,9
2024-08-22,16291.905512714276,17673.871,45,10
2024-08-23,7821.902189232786,8673.948,45,11
2024-08-24,3593.19790969238,3623.1436,45,12
2024-08-25,601.7218258111071,612.5437,45,13
2024-08-26,0.0,47.161526,45,14
2024-08-27,0.0,94.616005,45,15
2024-08-28,0.0,17.077044,45,16
2024-08-29,0.0,0.0,45,17
2024-08-30,0.0,59.244057,45,18
2024-08-31,12551.942999636083,12018.083,45,19
2024-09-01,20000.0,18748.463,45,20
2024-09-02,5705.146482361498,5774.9204,45,21
2024-09-03,296.0725320755955,329.42288,45,22
2024-09-04,1674.747107827577,2426.8276,45,23
2024-09-05,9082.02552324273,9199.627,45,24
2024-09-06,19458.693239510423,19277.896,45,25
2024-09-07,18345.529114171608,19312.992,45,26
2024-09-08,20000.0,19454.873,45,27
2024-09-09,19667.110687724307,19590.297,45,28
2024-09-10,18533.4094685161,19544.703,45,29
2024-09-11,19640.46909934812,19339.967,45,30
2024-09-12,19477.59720381243,19418.955,46,1
2024-09-13,19663.47377207536,19692.54,46,2
2024-09-14,20000.0,19773.203,46,3
2024-09-15,18860.572931148585,19765.188,46,4
2024-09-16,20000.0,19788.604,46,5
2024-09-17,18600.925549949767,19538.195,46,6
2024-09-18,18893.236924713896,19246.014,46,7
2024-09-19,20000.0,19424.117,46,8
2024-09-20,20000.0,19372.246,46,9
2024-09-21,19738.17381020069,19403.053,46,10
2024-09-22,19063.54358363897,19321.086,46,11
2024-09-23,19265.86417425081,19615.549,46,12
2024-09-24,17001.55041870551,16696.336,46,13
2024-09-25,19586.79590556184,19493.568,46,14
2024-09-26,7019.068893119507,7022.7026,46,15
2024-09-27,6883.442239960638,6952.225,46,16
2024-09-28,17604.54603197391,18300.791,46,17
2024-09-29,13929.654900064,14600.664,46,18
2024-09-30,18144.21458884848,19485.928,46,19
2024-10-01,19336.57764239417,18894.494,46,20
2024-10-02,18022.828717931632,18972.832,46,21
2024-10-03,18801.631947785056,19117.5,46,22
2024-10-04,16613.23094568879,17969.799,46,23
2024-10-05,18868.332461077716,19071.885,46,24
2024-10-06,18908.87942779537,18797.22,46,25
2024-10-07,19698.117536775884,18358.488,46,26
2024-10-08,18928.6503544444,18178.666,46,27
2024-10-09,17894.666883828715,18114.934,46,28
2024-10-10,19204.98592656628,18557.318,46,29
2024-10-11,16077.064120205878,16848.805,46,30
2024-10-12,2551.487051411153,3612.097,47,1
2024-10-13,1111.3469792321923,1311.1259,47,2
2024-10-14,219.45768034968347,317.80597,47,3
2024-10-15,18859.72309651056,18194.383,47,4
2024-10-16,18020.28565814498,18546.184,47,5
2024-10-17,18091.02788547815,18641.53,47,6
2024-10-18,14758.229031683357,16413.178,47,7
2024-10-19,17907.666172268924,18616.543,47,8
2024-10-20,18850.021220850977,18395.146,47,9
2024-10-21,19516.787046987632,18671.922,47,10
2024-10-22,19278.223722143117,18711.367,47,11
2024-10-23,20000.0,18550.848,47,12
2024-10-24,18171.861226664765,18335.74,47,13
2024-10-25,18796.950090713384,18340.479,47,14
2024-10-26,18278.827110527243,18716.078,47,15
2024-10-27,18520.147144748466,19095.914,47,16
2024-10-28,18589.83744982951,18776.521,47,17
2024-10-29,18356.758898907963,19097.824,47,18
2024-10-30,18276.945703686342,19062.97,47,19
2024-10-31,18352.450472291428,18731.383,47,20
2024-11-01,17879.849060760254,18690.924,47,21
2024-11-02,19076.822064081975,18789.594,47,22
2024-11-03,17852.524579577,18671.322,47,23
2024-11-04,19107.813605612548,18758.928,47,24
2024-11-05,18788.23151174788,18750.527,47,25
2024-11-06,19091.960287332968,18785.092,47,26
2024-11-07,18481.815717785987,18829.836,47,27
2024-11-08,20000.0,18855.057,47,28
2024-11-09,19795.27063385424,18759.861,47,29
2024-11-10,19364.86126994248,18943.803,47,30
2024-11-11,18289.67143007907,18788.371,48,1
2024-11-12,19051.24058214255,18875.172,48,2
2024-11-13,17996.74767505616,18810.92,48,3
2024-11-14,19584.2555307506,18843.76,48,4
2024-11-15,19188.08557014778,18914.596,48,5
2024-11-16,18721.520786535835,18929.479,48,6
2024-11-17,17299.00203238175,18897.61,48,7
2024-11-18,18165.32195505307,18829.764,48,8
2024-11-19,19045.3758766916,18827.164,48,9
2024-11-20,20000.0,19014.871,48,10
2024-11-21,20000.0,19039.305,48,11
2024-11-22,17810.255497069884,19028.26,48,12
2024-11-23,19415.32117348534,18908.797,48,13
2024-11-24,19858.74789361379,18969.516,48,14
2024-11-25,18452.03253271248,19126.234,48,15
2024-11-26,19165.939609045545,18813.377,48,16
2024-11-27,19164.32320696984,18903.008,48,17
2024-11-28,18810.45313872741,18712.744,48,18
2024-11-29,17453.02273990248,18857.986,48,19
2024-11-30,18889.58923724641,18849.092,48,20
2024-12-01,19020.983511721883,19159.91,48,21
2024-12-02,19044.381086584075,18971.014,48,22
2024-12-03,18810.33979329245,19443.406,48,23
2024-12-04,18905.37327927185,19471.639,48,24
2024-12-05,19761.843749829062,19053.25,48,25
2024-12-06,9138.513380196417,9476.998,48,26
2024-12-07,19258.352969391068,18916.793,48,27
2024-12-08,19304.45745935956,19172.191,48,28
2024-12-09,18971.46786761924,19658.486,48,29
2024-12-10,18752.53253731696,19598.12,48,30
2024-12-11,20000.0,19572.895,49,1
2024-12-12,19968.023932856344,19708.78,49,2
2024-12-13,19942.98152567547,19592.418,49,3
2024-12-14,20000.0,19484.725,49,4
2024-12-15,18502.7995099439,19605.203,49,5
2024-12-16,18395.71286786763,19412.611,49,6
2024-12-17,19743.09519944504,19429.277,49,7
2024-12-18,14437.265485506774,16128.037,49,8
2024-12-19,16710.002512704126,17569.021,49,9
2024-12-20,20000.0,19683.885,49,10
2024-12-21,20000.0,19639.504,49,11
2024-12-22,20000.0,19519.506,49,12
2024-12-23,20000.0,19322.197,49,13
2024-12-24,20000.0,19524.73,49,14
2024-12-25,18920.297950154087,19721.906,49,15
2024-12-26,20000.0,19712.555,49,16
2024-12-27,20000.0,19664.559,49,17
2024-12-28,20000.0,19625.596,49,18
2024-12-29,19299.825953049123,19515.062,49,19
2024-12-30,20000.0,19571.129,49,20
2024-12-31,20000.0,19750.34,49,21
2025-01-01,20000.0,19633.46,49,22
2025-01-02,18740.33880030728,19245.479,49,23
2025-01-03,18406.644087791923,19240.527,49,24
2025-01-04,20000.0,19027.436,49,25
2025-01-05,20000.0,19542.928,49,26
2025-01-06,19563.679790312417,19534.771,49,27
2025-01-07,20000.0,19693.67,49,28
2025-01-08,20000.0,19585.705,49,29
2025-01-09,19836.52040847654,19469.22,49,30
2025-01-10,18074.18767338764,16942.977,50,1
2025-01-11,19517.22095009936,19241.96,50,2
2025-01-12,20000.0,19491.92,50,3
2025-01-13,19433.56096695249,19637.969,50,4
2025-01-14,19378.12436799917,19543.129,50,5
2025-01-15,19617.606199251943,19465.59,50,6
2025-01-16,19922.44170983984,19444.674,50,7
2025-01-17,18647.478460940307,19614.162,50,8
2025-01-18,18587.98901467435,19468.268,50,9
2025-01-19,18830.511545682024,19423.895,50,10
2025-01-20,19934.129328567065,19401.19,50,11
2025-01-21,19091.49272233069,19282.566,50,12
2025-01-22,19565.95769655841,19390.377,50,13
2025-01-23,20000.0,19480.951,50,14
2025-01-24,19500.342773169632,19537.926,50,15
2025-01-25,19792.12418551932,19518.59,50,16
2025-01-26,19187.062128636207,19504.99,50,17
2025-01-27,19665.954736367603,17947.404,50,18
2025-01-28,19254.58813087262,19290.145,50,19
2025-01-29,18929.084673746795,19268.906,50,20
2025-01-30,18904.211403543133,19225.016,50,21
2025-01-31,19849.575030330263,19494.166,50,22
2025-02-01,19049.910102101443,19281.477,50,23
2025-02-02,18255.980334115706,19499.96,50,24
2025-02-03,20000.0,19361.537,50,25
2025-02-04,19364.53026762478,19039.182,50,26
2025-02-05,20000.0,19110.184,50,27
2025-02-06,20000.0,19446.791,50,28
2025-02-07,19173.231862289194,19283.873,50,29
2025-02-08,19257.1882234084,18093.967,50,30
2025-02-09,18704.529474917792,19053.338,51,1
2025-02-10,19682.030934649927,19233.947,51,2
2025-02-11,18957.884368482053,19410.6,51,3
2025-02-12,18952.20405004077,18834.002,51,4
2025-02-13,18947.471868267032,18899.387,51,5
2025-02-14,18669.87544595263,19060.387,51,6
2025-02-15,18682.61317085739,19273.621,51,7
2025-02-16,18278.05987454601,19144.992,51,8
2025-02-17,18094.38814969612,18945.666,51,9
2025-02-18,18294.292848282028,18038.514,51,10
2025-02-19,19973.813327211952,18567.37,51,11
2025-02-20,20000.0,19142.998,51,12
2025-02-21,12989.251270415363,11688.183,51,13
2025-02-22,17904.30456832108,18872.979,51,14
2025-02-23,19229.76607569332,18917.371,51,15
2025-02-24,8125.448488020952,7742.5996,51,16
2025-02-25,274.4208171324371,462.2935,51,17
2025-02-26,4019.70303821874,4096.671,51,18
2025-02-27,1639.878151450764,1874.1328,51,19
2025-02-28,10690.351388968196,11181.54,51,20
2025-03-01,17354.121385778642,18946.768,51,21
2025-03-02,17661.630657664144,18567.441,51,22
2025-03-03,16746.721430090944,18533.652,51,23
2025-03-04,17809.108591393564,18286.598,51,24
2025-03-05,19622.750539672452,17758.871,51,25
2025-03-06,18215.509505439808,17672.889,51,26
2025-03-07,17921.536083118604,17590.795,51,27
2025-03-08,17181.0931546084,17626.11,51,28
2025-03-09,17530.09652337993,17348.03,51,29
2025-03-10,17047.174115613143,17449.107,51,30
2025-03-11,16531.7942776105,17247.107,52,1
2025-03-12,18045.556909838517,17783.102,52,2
2025-03-13,17759.937522043347,17882.611,52,3
2025-03-14,17383.366787309427,18462.678,52,4
2025-03-15,17363.144727049475,17947.79,52,5
2025-03-16,17971.481559492186,17463.895,52,6
2025-03-17,17357.364833436583,17537.678,52,7
2025-03-18,17010.20712912546,17688.104,52,8
2025-03-19,17640.80206945939,17971.158,52,9
2025-03-20,18219.347604022663,18300.33,52,10
2025-03-21,18397.63671478739,17589.295,52,11
2025-03-22,18372.02711144786,17562.074,52,12
2025-03-23,17809.308670691906,17414.05,52,13
2025-03-24,18200.773618453422,17557.43,52,14
2025-03-25,17745.05876498693,17871.883,52,15
2025-03-26,18520.60464151484,18226.867,52,16
2025-03-27,18145.211596179128,17951.256,52,17
2025-03-28,15967.516359901014,17747.312,52,18
2025-03-29,10716.63278010277,11336.389,52,19
2025-03-30,15528.62312613104,17539.814,52,20
2025-03-31,16347.363028310085,17252.596,52,21
2025-04-01,17274.306169383643,16921.54,52,22
2025-04-02,16356.995991593294,16861.965,52,23
2025-04-03,16089.409190313045,17352.387,52,24
2025-04-04,17772.403228515737,17014.406,52,25
2025-04-05,18678.247173552158,17270.295,52,26
2025-04-06,17234.87361919685,17505.588,52,27
2025-04-07,18919.35498696477,17232.174,52,28
2025-04-08,18040.87979262992,16790.527,52,29
2025-04-09,17379.61450801396,17999.326,52,30
2025-04-10,17798.53931898963,17680.137,53,1
2025-04-11,17571.669908254356,17958.654,53,2
2025-04-12,18361.327661753603,17820.164,53,3
2025-04-13,18156.857299103005,17675.568,53,4
2025-04-14,16813.319533603866,17535.605,53,5
2025-04-15,17400.537461598768,17830.072,53,6
2025-04-16,17017.01264522391,17497.64,53,7
2025-04-17,18058.09063204675,17768.174,53,8
2025-04-18,16523.317669179258,17746.062,53,9
2025-04-19,19817.770295312323,17683.52,53,10
2025-04-20,18425.113623427173,17662.61,53,11
2025-04-21,17497.44315210295,17230.955,53,12
2025-04-22,17325.556031431242,17261.635,53,13
2025-04-23,17491.870791292728,17514.553,53,14
2025-04-24,17379.05456058177,17562.695,53,15
2025-04-25,18088.079042128484,17974.514,53,16
2025-04-26,17214.367568231395,17814.08,53,17
2025-04-27,16495.262902448845,17741.703,53,18
2025-04-28,17463.75609166977,17790.648,53,19
2025-04-29,16650.81292206097,17787.328,53,20
2025-04-30,17039.645914978955,17840.516,53,21
2025-05-01,16899.175309299688,17519.549,53,22
2025-05-02,16885.325299150838,17963.904,53,23
2025-05-03,18310.95442977219,18389.982,53,24
2025-05-04,18812.217370820945,17920.479,53,25
2025-05-05,18842.481174066947,17769.254,53,26
2025-05-06,17179.850930576944,17322.729,53,27
2025-05-07,17813.55734464343,17665.555,53,28
2025-05-08,18279.256716884887,17740.643,53,29
2025-05-09,17316.96501597242,18158.191,53,30
2025-05-10,18331.927382996448,17954.656,54,1
2025-05-11,17234.379461635483,18123.506,54,2
2025-05-12,17611.34845395539,17932.402,54,3
2025-05-13,17333.896527858607,18011.975,54,4
2025-05-14,17482.680291909717,17716.492,54,5
2025-05-15,16890.2399953587,17846.182,54,6
2025-05-16,16156.769060120032,17800.572,54,7
2025-05-17,16960.164539277786,18071.424,54,8
2025-05-18,16518.298299117374,17980.865,54,9
2025-05-19,18771.193897768622,17834.998,54,10
2025-05-20,18588.12049489729,17974.127,54,11
2025-05-21,18319.99862862707,18245.818,54,12
2025-05-22,18060.721003752515,18057.4,54,13
2025-05-23,18526.684578000357,17834.854,54,14
2025-05-24,17920.162859651446,17690.422,54,15
2025-05-25,17902.43993107506,18136.895,54,16
2025-05-26,17961.304563643414,18193.396,54,17
2025-05-27,18782.659437796778,18250.973,54,18
2025-05-28,16221.02363908324,18105.457,54,19
2025-05-29,17947.373618363203,18266.441,54,20
2025-05-30,16592.639728011276,18163.7,54,21
2025-05-31,17754.990631148252,18127.307,54,22
2025-06-01,20000.0,18994.824,54,23
2025-06-02,19412.652816917176,19118.705,54,24
2025-06-03,19388.60977180817,19018.1,54,25
2025-06-04,19038.577820603365,19126.469,54,26
2025-06-05,19173.263682733217,19137.898,54,27
2025-06-06,19031.536791887804,19157.717,54,28
2025-06-07,18873.40799129577,19090.846,54,29
2025-06-08,19112.42138556271,19152.332,54,30
2025-06-09,19359.152517533363,19152.574,55,1
2025-06-10,18800.56193011719,19212.57,55,2
2025-06-11,18723.416370403836,19283.383,55,3
2025-06-12,18450.4254799558,19241.709,55,4
2025-06-13,19413.978494061084,19113.002,55,5
2025-06-14,19228.40119531741,18995.318,55,6
2025-06-15,9619.879211672363,9680.959,55,7
2025-06-16,530.2159620964636,679.5331,55,8
2025-06-17,1516.4273545395015,1667.1005,55,9
2025-06-18,12161.666883776028,11920.861,55,10
2025-06-19,3318.749280258373,3689.5134,55,11
2025-06-20,12096.9976956643,12119.672,55,12
2025-06-21,2448.5671498840047,2642.0159,55,13
2025-06-22,115.96532650632496,213.79785,55,14
2025-06-23,1797.7132250015304,1888.4344,55,15
2025-06-24,4299.636820889441,5194.918,55,16
2025-06-25,30.02847414016273,212.74583,55,17
2025-06-26,1813.1869695039925,2155.3267,55,18
2025-06-27,43.02755594681223,204.55962,55,19
2025-06-28,3126.787908715348,3529.9658,55,20
2025-06-29,5311.813991268607,5306.2993,55,21
2025-06-30,589.3831232254845,853.6066,55,22
2025-07-01,9411.2740351392,9408.26,55,23
2025-07-02,3116.583634248977,3021.133,55,24
2025-07-03,0.0,186.78096,55,25
2025-07-04,13.630440873061502,374.81985,55,26
2025-07-05,962.1354129638768,1084.2183,55,27
2025-07-06,2142.9250141877646,2583.679,55,28
2025-07-07,807.571028367887,846.83417,55,29
2025-07-08,19354.4991106545,19083.36,55,30
2025-07-09,19464.561214949605,18557.531,56,1
2025-07-10,10816.84144798986,10678.951,56,2
2025-07-11,7221.476566714764,7369.111,56,3
2025-07-12,5379.231623771878,5243.406,56,4
2025-07-13,18256.263644656767,17748.102,56,5
2025-07-14,5770.940803075784,6299.979,56,6
2025-07-15,4511.855568449228,4360.3735,56,7
2025-07-16,19043.799841148768,18855.816,56,8
2025-07-17,14955.97346005621,14687.629,56,9
2025-07-18,437.49588991531584,578.7571,56,10
2025-07-19,45.72349130798935,181.53966,56,11
2025-07-20,3316.1015031104275,3954.2646,56,12
2025-07-21,3769.12334717586,3947.4924,56,13
2025-07-22,11351.854170486598,11311.534,56,14
2025-07-23,8797.020907165681,8011.957,56,15
2025-07-24,18418.001110104884,18002.713,56,16
2025-07-25,19637.15835703396,19224.508,56,17
2025-07-26,8656.129961918035,8436.438,56,18
2025-07-27,187.82124879309583,232.00887,56,19
2025-07-28,29.68845626984229,277.15234,56,20
2025-07-29,160.74068898714808,190.15884,56,21
2025-07-30,1322.1422477002932,1568.523,56,22
2025-07-31,2468.296771566392,2615.4973,56,23
2025-08-01,12124.6378495237,11414.401,56,24
2025-08-02,9226.947923950538,9171.038,56,25
2025-08-03,13612.424192652268,12894.6875,56,26
2025-08-04,14427.821229932571,13555.275,56,27
2025-08-05,215.83211336829805,459.57993,56,28
2025-08-06,18840.53670393867,19371.037,56,29
2025-08-07,18961.5420196494,19174.932,56,30
2025-08-08,13320.687457197244,13196.833,57,1
2025-08-09,7371.190029324295,7329.8247,57,2
2025-08-10,19701.843385931654,18996.281,57,3
2025-08-11,7089.890402881903,7454.398,57,4
2025-08-12,4101.4245558526045,3957.2605,57,5
2025-08-13,2142.0223448703,2082.505,57,6
2025-08-14,83.81665452319638,307.1446,57,7
2025-08-15,5379.555632415305,4428.6035,57,8
2025-08-16,5368.91123044583,5194.306,57,9
2025-08-17,8915.233479011831,8511.487,57,10
2025-08-18,5664.716164557784,5776.4814,57,11
2025-08-19,2687.027598980449,3115.5225,57,12
2025-08-20,1337.2942826145113,1221.588,57,13
2025-08-21,0.0,38.358337,57,14
2025-08-22,108.08164426304728,143.8926,57,15
2025-08-23,8400.129239555203,8045.8286,57,16
2025-08-24,7244.237101494436,7121.8223,57,17
2025-08-25,12078.46505214729,12434.301,57,18
2025-08-26,14873.968459359729,15278.416,57,19
2025-08-27,19145.492909861125,18356.203,57,20
2025-08-28,9725.574610352309,9221.149,57,21
2025-08-29,3886.60910706701,3984.3733,57,22
2025-08-30,50.41977157902822,718.7736,57,23
2025-08-31,11021.767473672564,11672.688,57,24
2025-09-01,19714.59961612029,19398.09,57,25
2025-09-02,18905.9380514499,19457.877,57,26
2025-09-03,18324.2633177187,19343.19,57,27
2025-09-04,18670.543448673678,19080.115,57,28
2025-09-05,12378.478368715096,12029.099,57,29
2025-09-06,3505.866113538171,3606.8188,57,30
2025-09-07,0.0,114.665474,58,1
2025-09-08,6.219799877758421,74.062996,58,2
2025-09-09,4018.361609988584,4309.6084,58,3
2025-09-10,18973.78529747124,18823.242,58,4
2025-09-11,19715.385823396453,19400.594,58,5
2025-09-12,19545.62417758039,19323.393,58,6
2025-09-13,18580.220398906105,19367.973,58,7
2025-09-14,19364.712004786983,19268.379,58,8
2025-09-15,12839.806541383126,12981.573,58,9
2025-09-16,19715.68508755045,19406.447,58,10
2025-09-17,18518.14072574273,18538.074,58,11
2025-09-18,17510.43957606783,17508.047,58,12
2025-09-19,18975.685155618616,19084.664,58,13
2025-09-20,11396.429384346378,11000.833,58,14
2025-09-21,19494.93568161741,19089.56,58,15
2025-09-22,19784.199546841977,19035.725,58,16
2025-09-23,19605.484967999582,19270.883,58,17
2025-09-24,19953.56468315449,19081.145,58,18
2025-09-25,19203.91838399048,18991.389,58,19
2025-09-26,19389.24870834265,18895.486,58,20
2025-09-27,19391.339873679288,18975.672,58,21
2025-09-28,7799.530747913272,8136.4995,58,22
2025-09-29,3180.9961058516137,3530.6626,58,23
2025-09-30,4401.785778691507,4853.4404,58,24
2025-10-01,8231.757728453695,8125.0405,58,25
2025-10-02,2650.684646104717,2717.0684,58,26
2025-10-03,0.0,34.83168,58,27
2025-10-04,11211.990709228554,11897.758,58,28
2025-10-05,19218.0349441993,18737.36,58,29
2025-10-06,19117.14211547685,18964.586,58,30
2025-10-07,19962.49561725024,19002.816,59,1
2025-10-08,17044.77151587534,18672.533,59,2
2025-10-09,18040.76926162461,18716.26,59,3
2025-10-10,18575.64491664513,18683.23,59,4
2025-10-11,18563.04000668716,18666.883,59,5
2025-10-12,18523.92552563735,18341.432,59,6
2025-10-13,18753.06975803429,18533.686,59,7
2025-10-14,18362.797269164614,18507.21,59,8
2025-10-15,18415.89209542181,18484.697,59,9
2025-10-16,18441.94427395168,18317.531,59,10
2025-10-17,18853.308658825677,18415.582,59,11
2025-10-18,18785.43246076485,18428.197,59,12
2025-10-19,18938.87397501209,18555.553,59,13
2025-10-20,19008.282082517297,18628.33,59,14
2025-10-21,18993.022014911166,18553.295,59,15
2025-10-22,18817.949915682308,18569.014,59,16
2025-10-23,18190.04985245573,18534.662,59,17
2025-10-24,18759.594865314488,18576.195,59,18
2025-10-25,18816.120624758536,18618.883,59,19
2025-10-26,10738.77695086238,10919.39,59,20
2025-10-27,1375.007203962789,1690.3313,59,21
2025-10-28,847.7750014398849,1184.6628,59,22
2025-10-29,3749.033336761133,4241.116,59,23
2025-10-30,571.0557872884738,614.7715,59,24
2025-10-31,11234.909487561028,11679.453,59,25
2025-11-01,2947.096252150528,3370.5466,59,26
2025-11-02,17158.093009689626,17810.293,59,27
2025-11-03,19534.307943972297,19069.756,59,28
2025-11-04,18733.301632514067,19044.223,59,29
2025-11-05,18728.50272555744,18838.127,59,30
2025-11-06,18959.445622143598,18950.193,60,1
2025-11-07,19008.66110460418,18980.25,60,2
2025-11-08,19179.51644977088,19042.186,60,3
2025-11-09,19771.41825313717,19011.9,60,4
2025-11-10,18947.820687175845,19018.555,60,5
2025-11-11,18569.98002496431,19084.209,60,6
2025-11-12,20000.0,18947.959,60,7
2025-11-13,18917.08451102672,19026.709,60,8
2025-11-14,18257.698507296634,19192.625,60,9
2025-11-15,18986.91561199943,19063.828,60,10
2025-11-16,19024.276690557388,19220.664,60,11
2025-11-17,19909.000768835507,19220.656,60,12
2025-11-18,19075.261270620085,19186.826,60,13
2025-11-19,19187.67221677535,19201.006,60,14
2025-11-20,19106.61667285787,19229.35,60,15
2025-11-21,19582.44184503198,19140.467,60,16
2025-11-22,18733.38051458943,19295.996,60,17
2025-11-23,18477.78248097848,19061.508,60,18
2025-11-24,19333.178516449872,19121.346,60,19
2025-11-25,19655.94229290018,19354.604,60,20
2025-11-26,19426.33888950324,19213.56,60,21
2025-11-27,18742.792596383264,19344.572,60,22
2025-11-28,19681.45389576445,19534.844,60,23
2025-11-29,18754.808394520536,19373.176,60,24
2025-11-30,19510.36096749561,18935.984,60,25
2025-12-01,19112.18821090295,19071.826,60,26
2025-12-02,20000.0,19217.566,60,27
2025-12-03,20000.0,19440.434,60,28
2025-12-04,20000.0,19424.102,60,29
2025-12-05,20000.0,19406.406,60,30
2025-12-06,9599.38702140308,9943.4,61,1
2025-12-07,18563.036740129606,19062.072,61,2
2025-12-08,19134.613171107398,19339.752,61,3
2025-12-09,19016.936890094203,18861.959,61,4
2025-12-10,18673.30653997649,19184.896,61,5
2025-12-11,18224.7650221344,19078.512,61,6
2025-12-12,19112.944819383072,18931.52,61,7
2025-12-13,14670.238056502352,17039.22,61,8
2025-12-14,13670.408586272655,14915.187,61,9
2025-12-15,20000.0,19618.348,61,10
2025-12-16,20000.0,19476.316,61,11
2025-12-17,20000.0,19100.027,61,12
2025-12-18,20000.0,19029.162,61,13
2025-12-19,19451.48096479812,19156.637,61,14
2025-12-20,20000.0,19168.998,61,15
2025-12-21,19451.75108484349,19030.264,61,16
2025-12-22,18331.219717845383,19234.293,61,17
2025-12-23,19075.99821770392,19537.896,61,18
2025-12-24,18455.10856684644,19335.627,61,19
2025-12-25,9323.275070902184,9919.059,61,20
2025-12-26,19115.005153567803,19330.703,61,21
2025-12-27,18950.831673848872,19533.998,61,22
2025-12-28,20000.0,19567.826,61,23
2025-12-29,19318.331029013203,19414.068,61,24
2025-12-30,20000.0,19034.428,61,25
