Model,Feature,Importance,Business Explanation,Engineering Explanation,Operational Recommendation
Solar,cloud_cover_pct,0.6327,Drives predictive model outcome.,Underlying correlation found by XGBoost algorithm.,Monitor feature variance closely.
Solar,cloud_cover_high_pct,0.1941,Drives predictive model outcome.,Underlying correlation found by XGBoost algorithm.,Monitor feature variance closely.
Solar,dni_kwh_m2_day,0.0808,Drives predictive model outcome.,Underlying correlation found by XGBoost algorithm.,Monitor feature variance closely.
Solar,clearness_index,0.0144,Drives predictive model outcome.,Underlying correlation found by XGBoost algorithm.,Monitor feature variance closely.
Solar,direct_radiation_kwh_m2_day,0.0114,Drives predictive model outcome.,Underlying correlation found by XGBoost algorithm.,Monitor feature variance closely.
Solar,is_monsoon,0.0106,Drives predictive model outcome.,Underlying correlation found by XGBoost algorithm.,Monitor feature variance closely.
Solar,ghi_kwh_m2_day,0.0096,Drives predictive model outcome.,Underlying correlation found by XGBoost algorithm.,Monitor feature variance closely.
Solar,month,0.0044,Drives predictive model outcome.,Underlying correlation found by XGBoost algorithm.,Monitor feature variance closely.
Solar,h_max_7d,0.0043,Drives predictive model outcome.,Underlying correlation found by XGBoost algorithm.,Monitor feature variance closely.
Solar,cloud_cover_mid_pct,0.0039,Drives predictive model outcome.,Underlying correlation found by XGBoost algorithm.,Monitor feature variance closely.
Solar,cloud_cover_low_pct,0.0034,Drives predictive model outcome.,Underlying correlation found by XGBoost algorithm.,Monitor feature variance closely.
Solar,temperature_max_c,0.0034,Drives predictive model outcome.,Underlying correlation found by XGBoost algorithm.,Monitor feature variance closely.
Solar,day_of_year,0.0027,Drives predictive model outcome.,Underlying correlation found by XGBoost algorithm.,Monitor feature variance closely.
Solar,h_median_7d,0.0024,Drives predictive model outcome.,Underlying correlation found by XGBoost algorithm.,Monitor feature variance closely.
Solar,temperature_c,0.0023,Drives predictive model outcome.,Underlying correlation found by XGBoost algorithm.,Monitor feature variance closely.
Solar,h_mean_7d,0.0022,Drives predictive model outcome.,Underlying correlation found by XGBoost algorithm.,Monitor feature variance closely.
Solar,direct_fraction,0.0022,Drives predictive model outcome.,Underlying correlation found by XGBoost algorithm.,Monitor feature variance closely.
Solar,humidity_pct,0.0021,Drives predictive model outcome.,Underlying correlation found by XGBoost algorithm.,Monitor feature variance closely.
Solar,dhi_kwh_m2_day,0.0021,Drives predictive model outcome.,Underlying correlation found by XGBoost algorithm.,Monitor feature variance closely.
Solar,wind_speed_ms,0.0021,Core fuel for wind energy generation.,Kinetic energy of wind scales with the cube of wind speed up to rated capacity.,Ensure pitch systems are calibrated for optimal aerodynamic capture.
Solar,rainfall_mm,0.002,Drives predictive model outcome.,Underlying correlation found by XGBoost algorithm.,Monitor feature variance closely.
Solar,diffuse_fraction,0.0018,Drives predictive model outcome.,Underlying correlation found by XGBoost algorithm.,Monitor feature variance closely.
Solar,h_mean_30d,0.0014,Drives predictive model outcome.,Underlying correlation found by XGBoost algorithm.,Monitor feature variance closely.
Solar,week_of_year,0.0014,Drives predictive model outcome.,Underlying correlation found by XGBoost algorithm.,Monitor feature variance closely.
Solar,temperature_min_c,0.0013,Drives predictive model outcome.,Underlying correlation found by XGBoost algorithm.,Monitor feature variance closely.
Solar,is_weekend,0.0009,Drives predictive model outcome.,Underlying correlation found by XGBoost algorithm.,Monitor feature variance closely.
Solar,visibility_km,0.0,Drives predictive model outcome.,Underlying correlation found by XGBoost algorithm.,Monitor feature variance closely.
