date,solar_generation_mw,predicted_solar_generation_mw,fold_number,train_size
2020-07-01,10868.667905347662,10923.177,1,182
2020-07-02,8404.130760269842,8347.103,1,182
2020-07-03,10284.309361824444,10089.039,1,182
2020-07-04,2406.9701690754287,2368.514,1,182
2020-07-05,1113.7427302888634,1855.3131,1,182
2020-07-06,9.298878073078576,1855.3131,1,182
2020-07-07,0.9232642815560308,1867.8729,1,182
2020-07-08,206.61600500229912,1855.3131,1,182
2020-07-09,5161.526557268956,5116.276,1,182
2020-07-10,2573.5907644165864,2991.1858,1,182
2020-07-11,4498.800203517117,4035.3967,1,182
2020-07-12,4364.727034679374,4469.3716,1,182
2020-07-13,6426.104946969818,6592.639,1,182
2020-07-14,5002.666008712675,4979.556,1,182
2020-07-15,1985.084890781461,1855.3131,1,182
2020-07-16,359.0308573851753,1855.3131,1,182
2020-07-17,2467.6364624946905,2991.1858,1,182
2020-07-18,9453.498959186783,9349.753,1,182
2020-07-19,3562.13588382172,3111.122,1,182
2020-07-20,5333.863369071968,4979.556,1,182
2020-07-21,4339.210911697759,4469.3716,1,182
2020-07-22,6582.440818768079,6081.2617,1,182
2020-07-23,7926.670118427768,7781.1494,1,182
2020-07-24,8945.356723089595,8734.978,1,182
2020-07-25,2893.409626690444,2991.1858,1,182
2020-07-26,2365.7433577182837,2991.1858,1,182
2020-07-27,8365.41920429786,8449.707,1,182
2020-07-28,7620.378099774486,7523.47,1,182
2020-07-29,2784.2601887364085,2991.1858,1,182
2020-07-30,3149.899201104902,3111.122,1,182
2020-07-31,225.2934638125282,276.87247,2,212
2020-08-01,5693.183429539725,5469.528,2,212
2020-08-02,3614.255113088005,3707.5664,2,212
2020-08-03,8929.083792609405,8686.901,2,212
2020-08-04,3871.888512599065,4096.7305,2,212
2020-08-05,4677.585645949282,3972.1123,2,212
2020-08-06,177.92910062890093,162.23991,2,212
2020-08-07,366.87330408467903,229.9091,2,212
2020-08-08,2417.6274969364727,3120.0354,2,212
2020-08-09,1341.2173572347283,1727.9114,2,212
2020-08-10,369.58162419093566,465.9578,2,212
2020-08-11,480.2989567084229,345.47147,2,212
2020-08-12,2953.280548863791,3082.0913,2,212
2020-08-13,1817.1027185109292,2055.1936,2,212
2020-08-14,584.5799662496146,525.1804,2,212
2020-08-15,903.3756797919312,795.8446,2,212
2020-08-16,144.0380104479388,354.8198,2,212
2020-08-17,961.504991256622,889.44336,2,212
2020-08-18,143.67062285788984,188.6637,2,212
2020-08-19,3149.925406500202,3831.9175,2,212
2020-08-20,1276.4248004703177,1399.7848,2,212
2020-08-21,876.2112132499003,615.2605,2,212
2020-08-22,303.25710114812296,311.49054,2,212
2020-08-23,0.0,186.8291,2,212
2020-08-24,0.0,200.52522,2,212
2020-08-25,142.22859252364847,110.44996,2,212
2020-08-26,4794.057218746383,4734.193,2,212
2020-08-27,5925.01565528001,5532.347,2,212
2020-08-28,2721.643287075998,3671.039,2,212
2020-08-29,666.611386314089,589.5021,2,212
2020-08-30,791.3719879042036,548.50183,3,242
2020-08-31,63.61148106081801,134.17734,3,242
2020-09-01,7192.285626677762,7056.154,3,242
2020-09-02,5554.1408517293385,5558.886,3,242
2020-09-03,5914.750860743679,5901.2334,3,242
2020-09-04,9103.333020093853,8907.698,3,242
2020-09-05,11023.145661979835,10731.921,3,242
2020-09-06,7454.540270681136,7494.295,3,242
2020-09-07,9205.180231277542,9038.799,3,242
2020-09-08,9202.390672967573,8989.409,3,242
2020-09-09,10590.358191689927,10567.975,3,242
2020-09-10,7233.189405557096,7123.866,3,242
2020-09-11,3864.674675450824,3684.7136,3,242
2020-09-12,715.4228090731375,1004.2094,3,242
2020-09-13,2554.3429208107214,2533.1829,3,242
2020-09-14,2779.277520837494,3013.9695,3,242
2020-09-15,2520.8288666461845,2452.002,3,242
2020-09-16,2702.069169626198,2840.6677,3,242
2020-09-17,2944.036241344409,2803.6565,3,242
2020-09-18,4071.334314529747,4001.0466,3,242
2020-09-19,6509.5032936322805,6494.3955,3,242
2020-09-20,4634.776031511291,4734.244,3,242
2020-09-21,4928.174312540973,4894.316,3,242
2020-09-22,3855.758661846015,3590.1345,3,242
2020-09-23,5285.5429607773385,5214.2114,3,242
2020-09-24,7805.567153746054,7892.816,3,242
2020-09-25,6553.15972280578,6751.029,3,242
2020-09-26,7159.724085611245,6981.8843,3,242
2020-09-27,10201.98967842783,10294.587,3,242
2020-09-28,9289.164543548144,9126.149,3,242
2020-09-29,12449.445377343063,12337.235,4,272
2020-09-30,13540.506423979346,13242.155,4,272
2020-10-01,12964.81364653995,12753.423,4,272
2020-10-02,11866.411843205577,11838.676,4,272
2020-10-03,10764.370402384002,11066.417,4,272
2020-10-04,10238.59090733533,10491.193,4,272
2020-10-05,10789.380123560968,10861.987,4,272
2020-10-06,10871.822668476816,11001.611,4,272
2020-10-07,11125.944884999542,11306.673,4,272
2020-10-08,11035.121902605037,11220.156,4,272
2020-10-09,11520.349983088854,11677.764,4,272
2020-10-10,9749.727495920017,9964.109,4,272
2020-10-11,6633.458648592807,6888.759,4,272
2020-10-12,10200.211768576512,10305.008,4,272
2020-10-13,10181.096747198111,10301.304,4,272
2020-10-14,4894.6126436198565,4893.403,4,272
2020-10-15,3649.9072787623454,3698.86,4,272
2020-10-16,2663.878042130749,2782.4548,4,272
2020-10-17,857.8129082304986,921.09515,4,272
2020-10-18,762.0427210331619,691.0378,4,272
2020-10-19,1597.7777511078,1414.9727,4,272
2020-10-20,7962.785302665197,8236.512,4,272
2020-10-21,10855.980566657872,11013.332,4,272
2020-10-22,10295.807862910531,10627.142,4,272
2020-10-23,11584.69308601375,11577.934,4,272
2020-10-24,11345.984306249786,11359.985,4,272
2020-10-25,10616.32476482838,10773.184,4,272
2020-10-26,11067.420972789385,11137.74,4,272
2020-10-27,12004.558613522397,11962.977,4,272
2020-10-28,10866.24546532994,11011.79,4,272
2020-10-29,11399.218762191407,11366.125,5,302
2020-10-30,10907.934156591517,10958.735,5,302
2020-10-31,10474.374778370262,10553.949,5,302
2020-11-01,10594.70216015746,10738.196,5,302
2020-11-02,10729.891973569243,10766.961,5,302
2020-11-03,11244.975696018217,11210.924,5,302
2020-11-04,10928.602646607564,10849.772,5,302
2020-11-05,11125.363722989992,11005.191,5,302
2020-11-06,9137.7490995813,9259.211,5,302
2020-11-07,9040.408264080988,9116.183,5,302
2020-11-08,10713.472166918997,10639.4375,5,302
2020-11-09,10230.736163840302,10269.425,5,302
2020-11-10,10324.939677189572,10345.467,5,302
2020-11-11,10346.921415682147,10348.842,5,302
2020-11-12,10647.888390175196,10598.394,5,302
2020-11-13,10208.991765896517,10233.077,5,302
2020-11-14,10412.398573388586,10321.646,5,302
2020-11-15,9234.323107459411,9300.756,5,302
2020-11-16,10414.62890603077,10250.604,5,302
2020-11-17,9829.523708368317,9818.877,5,302
2020-11-18,6663.3372964167975,6717.7295,5,302
2020-11-19,8555.466533178345,8629.228,5,302
2020-11-20,8712.768665054922,8584.793,5,302
2020-11-21,10256.580938244771,10192.09,5,302
2020-11-22,8415.93291867153,8633.8125,5,302
2020-11-23,9703.084505628503,9758.989,5,302
2020-11-24,8884.136577025223,9051.662,5,302
2020-11-25,8578.797076658066,8571.238,5,302
2020-11-26,10581.148046134418,10385.807,5,302
2020-11-27,9908.506357099926,9815.767,5,302
2020-11-28,9846.959045620357,9778.47,6,332
2020-11-29,9584.087694364842,9552.297,6,332
2020-11-30,9157.411351000545,9149.075,6,332
2020-12-01,8889.438798961777,8950.952,6,332
2020-12-02,9040.674177365569,8986.34,6,332
2020-12-03,9315.063738559658,9334.038,6,332
2020-12-04,6583.112476181452,6684.7114,6,332
2020-12-05,5397.330569641254,5557.6025,6,332
2020-12-06,5516.053074153851,5967.588,6,332
2020-12-07,8871.909202977302,8970.626,6,332
2020-12-08,8811.776046354851,8918.639,6,332
2020-12-09,8906.224032467027,8972.27,6,332
2020-12-10,9046.350758744544,8961.515,6,332
2020-12-11,8533.722292105616,8595.218,6,332
2020-12-12,9211.24163078972,9190.901,6,332
2020-12-13,9478.744639162724,9425.813,6,332
2020-12-14,9356.972208491889,9393.905,6,332
2020-12-15,10091.228512786243,9837.359,6,332
2020-12-16,8568.157573137156,8450.852,6,332
2020-12-17,9993.905146017449,9747.263,6,332
2020-12-18,9512.575184781874,9505.128,6,332
2020-12-19,2927.4372505553074,2933.5793,6,332
2020-12-20,1932.65029650885,1912.7183,6,332
2020-12-21,4885.78345013947,4940.223,6,332
2020-12-22,7460.863839339689,7577.097,6,332
2020-12-23,9272.885168624389,9192.519,6,332
2020-12-24,8975.506121844106,8992.069,6,332
2020-12-25,9187.75079294882,9172.121,6,332
2020-12-26,9311.886003041263,9299.278,6,332
2020-12-27,9725.358232226434,9545.961,6,332
2020-12-28,10217.694334728136,10032.25,7,362
2020-12-29,9696.64657906306,9654.438,7,362
2020-12-30,9917.291262096096,9783.677,7,362
2020-12-31,10411.593368559725,10210.362,7,362
2021-01-01,9653.792318596028,9623.305,7,362
2021-01-02,9561.645390548743,9519.754,7,362
2021-01-03,9800.93407387995,9759.627,7,362
2021-01-04,9908.479583231405,9795.761,7,362
2021-01-05,9518.111889982834,9515.239,7,362
2021-01-06,9955.201888431036,9788.761,7,362
2021-01-07,9974.01459162976,9832.072,7,362
2021-01-08,9957.657906606042,9804.436,7,362
2021-01-09,10059.38377718781,9937.948,7,362
2021-01-10,10611.271654775606,10334.624,7,362
2021-01-11,9396.329153996614,9242.042,7,362
2021-01-12,8929.084941761585,8876.405,7,362
2021-01-13,9890.665458567611,9779.288,7,362
2021-01-14,5364.339691771084,5603.128,7,362
2021-01-15,9803.720014327811,9767.143,7,362
2021-01-16,10678.35750741873,10560.796,7,362
2021-01-17,9689.073286648165,9771.569,7,362
2021-01-18,9904.29244341004,9997.657,7,362
2021-01-19,9805.837135814709,9917.359,7,362
2021-01-20,9832.453270682628,9906.528,7,362
2021-01-21,10004.799942125594,9865.018,7,362
2021-01-22,9229.355771913288,9157.801,7,362
2021-01-23,6088.141949922092,6086.8994,7,362
2021-01-24,10329.76063277292,10427.912,7,362
2021-01-25,10437.416448615764,10499.5,7,362
2021-01-26,9926.70418480682,9904.495,7,362
2021-01-27,10962.813009703925,10919.541,8,392
2021-01-28,11344.020848742291,11228.417,8,392
2021-01-29,11472.830437665509,11417.688,8,392
2021-01-30,11151.231732150172,11124.001,8,392
2021-01-31,10257.242079665137,10262.458,8,392
2021-02-01,8278.22214943668,8289.165,8,392
2021-02-02,8470.572758629081,8523.53,8,392
2021-02-03,9010.744328635928,9143.683,8,392
2021-02-04,9411.55701274314,9561.189,8,392
2021-02-05,11277.76767326764,11277.259,8,392
2021-02-06,11368.21958371389,11324.676,8,392
2021-02-07,11236.454003769815,11245.344,8,392
2021-02-08,11245.71345590372,11274.073,8,392
2021-02-09,2975.1832751964985,2953.3079,8,392
2021-02-10,1855.3094691540043,1868.6415,8,392
2021-02-11,6730.083617041049,6642.893,8,392
2021-02-12,10590.600758549876,10689.212,8,392
2021-02-13,10903.421342149528,10993.5205,8,392
2021-02-14,11048.525642482278,11101.769,8,392
2021-02-15,7384.299736138239,7441.232,8,392
2021-02-16,8700.310521096855,8793.076,8,392
2021-02-17,10577.758134833268,10637.268,8,392
2021-02-18,11514.49780864726,11507.943,8,392
2021-02-19,12208.639682117551,12262.551,8,392
2021-02-20,11912.973331128764,11873.432,8,392
2021-02-21,12414.99737100689,12331.697,8,392
2021-02-22,11538.704986239249,11579.781,8,392
2021-02-23,12312.142194121005,12372.365,8,392
2021-02-24,12595.85712250722,12355.796,8,392
2021-02-25,12266.27880780145,12167.523,8,392
2021-02-26,12184.147458615204,12021.614,9,422
2021-02-27,8980.19619825729,8977.247,9,422
2021-02-28,11884.846843550884,11747.193,9,422
2021-03-01,12338.470587953076,12425.174,9,422
2021-03-02,12717.203079406543,12689.405,9,422
2021-03-03,13253.075947159012,13096.106,9,422
2021-03-04,11523.798453274332,11639.68,9,422
2021-03-05,12136.553618274736,12246.424,9,422
2021-03-06,11909.347326807409,11996.874,9,422
2021-03-07,12494.032842143104,12510.651,9,422
2021-03-08,12186.00097043165,12239.09,9,422
2021-03-09,9469.245263739822,9749.851,9,422
2021-03-10,11751.23869922038,11900.789,9,422
2021-03-11,13066.719397045974,12969.251,9,422
2021-03-12,12008.473899332072,12103.969,9,422
2021-03-13,11427.733434555726,11575.471,9,422
2021-03-14,9123.184068461363,9191.385,9,422
2021-03-15,12510.216190254598,12509.956,9,422
2021-03-16,10320.359904047124,10426.999,9,422
2021-03-17,9551.644772853628,9546.343,9,422
2021-03-18,11314.54974622497,11272.505,9,422
2021-03-19,12337.768071961507,12375.799,9,422
2021-03-20,12318.891120095595,12447.671,9,422
2021-03-21,12165.89643851567,12253.889,9,422
2021-03-22,11781.24361735429,11878.207,9,422
2021-03-23,11767.000348870351,11870.207,9,422
2021-03-24,13099.670438140603,13018.598,9,422
2021-03-25,11786.486477079105,11931.214,9,422
2021-03-26,13582.4106542585,13475.934,9,422
2021-03-27,13885.903534062734,14000.424,9,422
2021-03-28,10238.456187918884,10119.398,10,452
2021-03-29,13156.394847159345,12818.867,10,452
2021-03-30,12639.107963054574,12550.75,10,452
2021-03-31,13403.877030121776,13372.818,10,452
2021-04-01,13364.77552860199,13350.516,10,452
2021-04-02,12806.711340753249,12848.715,10,452
2021-04-03,12570.926390742588,12657.813,10,452
2021-04-04,13063.293571565451,13021.839,10,452
2021-04-05,13322.638303630829,13078.718,10,452
2021-04-06,12821.950600203589,12774.176,10,452
2021-04-07,12352.90415638682,12379.429,10,452
2021-04-08,11680.023639766192,12010.697,10,452
2021-04-09,12086.334195454852,12373.789,10,452
2021-04-10,12969.599211154637,13008.368,10,452
2021-04-11,13559.610244278068,13460.862,10,452
2021-04-12,14542.523685323304,14077.814,10,452
2021-04-13,14055.366762248104,14261.136,10,452
2021-04-14,12659.068629329602,12532.471,10,452
2021-04-15,12347.32478301158,12136.212,10,452
2021-04-16,13116.278233886786,13100.709,10,452
2021-04-17,10739.535305132033,10755.708,10,452
2021-04-18,12767.322111703934,12730.217,10,452
2021-04-19,7505.63836718274,7436.029,10,452
2021-04-20,8232.12898628442,8310.108,10,452
2021-04-21,13075.079828126827,13051.939,10,452
2021-04-22,12470.173919163604,12584.348,10,452
2021-04-23,12951.264981148688,13017.679,10,452
2021-04-24,9062.175415509952,9169.2,10,452
2021-04-25,11949.01502298262,11837.026,10,452
2021-04-26,11864.052659905024,11684.059,10,452
2021-04-27,13459.92049209206,13484.151,11,482
2021-04-28,13805.19882295936,13829.206,11,482
2021-04-29,9873.9179826554,9804.716,11,482
2021-04-30,9527.49963960765,9532.661,11,482
2021-05-01,3582.408297035792,3467.2341,11,482
2021-05-02,10825.738316555213,10848.129,11,482
2021-05-03,11684.74677348139,11645.488,11,482
2021-05-04,10494.301811046982,10491.131,11,482
2021-05-05,13576.797368395026,13630.71,11,482
2021-05-06,12794.51546895024,12980.109,11,482
2021-05-07,12003.939581973553,12389.1455,11,482
2021-05-08,10154.097088531556,10356.14,11,482
2021-05-09,7304.966729604149,7403.993,11,482
2021-05-10,12499.67093479421,12238.238,11,482
2021-05-11,12611.39178748278,12743.152,11,482
2021-05-12,12508.129625539665,12347.403,11,482
2021-05-13,13056.254156749968,13101.255,11,482
2021-05-14,12241.694161391812,12227.665,11,482
2021-05-15,10549.12950307454,10333.229,11,482
2021-05-16,5223.276923364113,5155.267,11,482
2021-05-17,1417.564985446668,1381.3507,11,482
2021-05-18,314.6110570451238,363.0508,11,482
2021-05-19,1628.2884538973274,1751.1808,11,482
2021-05-20,10683.160341534069,10852.494,11,482
2021-05-21,11180.30836158949,11056.0625,11,482
2021-05-22,11502.264496849955,11455.377,11,482
2021-05-23,11104.318370432136,11302.309,11,482
2021-05-24,12971.976156205235,13076.957,11,482
2021-05-25,10340.664783183369,10364.813,11,482
2021-05-26,10174.241415384718,10146.523,11,482
2021-05-27,10346.884872068094,10202.309,12,512
2021-05-28,12315.887249444047,12120.393,12,512
2021-05-29,10669.7435046008,10527.222,12,512
2021-05-30,7718.672186027164,7628.836,12,512
2021-05-31,12313.556779632843,12128.993,12,512
2021-06-01,10456.086251056082,10315.745,12,512
2021-06-02,12183.092852939288,12009.557,12,512
2021-06-03,9879.817694848758,9681.27,12,512
2021-06-04,9239.302792272876,9164.599,12,512
2021-06-05,12403.6971361948,12318.656,12,512
2021-06-06,12869.84573756443,12658.852,12,512
2021-06-07,13083.113339047415,13025.811,12,512
2021-06-08,9977.381731689758,9824.076,12,512
2021-06-09,9144.734160667833,9123.269,12,512
2021-06-10,11380.693453032183,11107.978,12,512
2021-06-11,9967.975881244178,9851.444,12,512
2021-06-12,7402.127450167866,7247.596,12,512
2021-06-13,7195.795585617784,7151.7363,12,512
2021-06-14,5846.2346918265885,5635.816,12,512
2021-06-15,6328.354383129775,6302.898,12,512
2021-06-16,4902.182312983406,5022.078,12,512
2021-06-17,10088.888635098889,10011.613,12,512
2021-06-18,7494.331840468485,7612.919,12,512
2021-06-19,2196.328755653962,2257.7463,12,512
2021-06-20,2354.6202232493497,2298.3354,12,512
2021-06-21,6286.372450296636,6140.736,12,512
2021-06-22,8536.82652840593,8560.901,12,512
2021-06-23,10944.818631867794,10997.974,12,512
2021-06-24,5252.738573368146,5360.2974,12,512
2021-06-25,7077.287708797026,6921.6484,12,512
2021-06-26,5544.481021850663,5496.1333,13,542
2021-06-27,12096.634300220903,12097.114,13,542
2021-06-28,7660.714036944398,7494.8926,13,542
2021-06-29,8771.316695887263,8844.38,13,542
2021-06-30,6024.191713866154,5866.8223,13,542
2021-07-01,5482.45338165099,5431.3857,13,542
2021-07-02,6242.510689478328,5958.993,13,542
2021-07-03,5450.154812518823,5351.0605,13,542
2021-07-04,6326.807087485406,6263.7285,13,542
2021-07-05,8295.823563483404,8175.3237,13,542
2021-07-06,6146.809336876181,5890.7007,13,542
2021-07-07,8078.856060451832,7765.826,13,542
2021-07-08,1760.1555503375378,1667.9482,13,542
2021-07-09,2884.1286826731066,2916.4148,13,542
2021-07-10,6134.921562516693,6011.376,13,542
2021-07-11,654.2839312957029,611.063,13,542
2021-07-12,62.09653431573073,30.12393,13,542
2021-07-13,834.1933847328431,869.87225,13,542
2021-07-14,2982.098261103239,2937.099,13,542
2021-07-15,1498.7357989963975,1358.4731,13,542
2021-07-16,4605.879446473402,4575.9316,13,542
2021-07-17,5394.98404788701,5408.0835,13,542
2021-07-18,1460.259776100021,1357.9067,13,542
2021-07-19,867.8738609197167,797.9497,13,542
2021-07-20,1996.631270121785,1953.1534,13,542
2021-07-21,4103.809346544365,4096.919,13,542
2021-07-22,3682.4078449635167,3656.9456,13,542
2021-07-23,1596.035971626154,1449.4213,13,542
2021-07-24,17.791258680825962,54.99208,13,542
2021-07-25,96.15282031311642,59.404034,13,542
2021-07-26,255.47084561657013,280.82913,14,572
2021-07-27,19.314071978287576,104.34,14,572
2021-07-28,98.19833158949848,124.187325,14,572
2021-07-29,565.3608558643622,604.61066,14,572
2021-07-30,1632.2650233120069,1582.613,14,572
2021-07-31,439.4089510546795,398.95468,14,572
2021-08-01,201.66924674758704,205.12375,14,572
2021-08-02,1245.045573616567,1203.5541,14,572
2021-08-03,91.30289270078536,228.60487,14,572
2021-08-04,1704.292386302742,1691.1427,14,572
2021-08-05,2072.554095864553,1971.3275,14,572
2021-08-06,551.3169431267721,651.02966,14,572
2021-08-07,6639.305051795531,6548.3027,14,572
2021-08-08,8149.869001804835,7809.349,14,572
2021-08-09,5363.858958830401,5332.9434,14,572
2021-08-10,3518.279159419673,3552.719,14,572
2021-08-11,3941.440177592591,3878.0562,14,572
2021-08-12,1925.843846067652,1746.4222,14,572
2021-08-13,2509.4418724982474,2564.9302,14,572
2021-08-14,3490.4159642133386,3589.5615,14,572
2021-08-15,3787.655092990175,3698.4607,14,572
2021-08-16,5791.784029431105,5660.549,14,572
2021-08-17,7933.767203603189,8057.3486,14,572
2021-08-18,7935.55480561767,7707.294,14,572
2021-08-19,9766.5131963581,9535.221,14,572
2021-08-20,5275.032755920568,5179.2373,14,572
2021-08-21,2457.0933166484087,2240.6504,14,572
2021-08-22,1132.4846898928308,1163.0834,14,572
2021-08-23,7363.9189224191505,7125.8594,14,572
2021-08-24,3110.462795055181,2991.4966,14,572
2021-08-25,2636.815620740861,2486.18,15,602
2021-08-26,1891.7878497676145,1867.7467,15,602
2021-08-27,2510.637468459437,2338.2063,15,602
2021-08-28,6910.184665165677,6746.0156,15,602
2021-08-29,10194.584590375176,10054.446,15,602
2021-08-30,5868.993526254288,5698.0596,15,602
2021-08-31,3156.2734948310163,3242.2786,15,602
2021-09-01,92.24480260269692,100.228065,15,602
2021-09-02,66.03823240222995,82.551186,15,602
2021-09-03,2632.8157212737624,2614.693,15,602
2021-09-04,1519.7171622974165,1736.313,15,602
2021-09-05,3064.2573639777497,3022.0088,15,602
2021-09-06,3334.028688192089,3396.5286,15,602
2021-09-07,1076.7661801842803,980.46765,15,602
2021-09-08,220.876082504024,257.8069,15,602
2021-09-09,58.16351559345485,110.193275,15,602
2021-09-10,124.30266840570673,165.05438,15,602
2021-09-11,443.16086762661735,433.29578,15,602
2021-09-12,385.2143224940112,440.27338,15,602
2021-09-13,148.84268239943788,240.71863,15,602
2021-09-14,512.9338974365472,543.4231,15,602
2021-09-15,1856.80989984638,1790.0615,15,602
2021-09-16,9776.115102414484,9698.729,15,602
2021-09-17,9034.314115819618,9231.574,15,602
2021-09-18,3551.7802699939894,3567.042,15,602
2021-09-19,1073.094097083581,982.2356,15,602
2021-09-20,2732.2494964212165,2815.75,15,602
2021-09-21,1919.6105727324807,1935.7223,15,602
2021-09-22,5108.555475141755,5083.8433,15,602
2021-09-23,1681.1838175089604,1697.289,15,602
2021-09-24,1308.0335916062722,1410.9547,16,632
2021-09-25,4709.160615159083,4903.236,16,632
2021-09-26,7114.493060212358,7145.7964,16,632
2021-09-27,3781.717369486374,3755.504,16,632
2021-09-28,1499.750068922221,1540.4142,16,632
2021-09-29,533.515617761136,567.7902,16,632
2021-09-30,38.7377012063921,48.560776,16,632
2021-10-01,1539.8801314068232,1538.7761,16,632
2021-10-02,6580.061391891605,6756.244,16,632
2021-10-03,6988.079010958438,6847.029,16,632
2021-10-04,6683.828007177543,6683.908,16,632
2021-10-05,8282.142406138528,8319.292,16,632
2021-10-06,9264.942534308886,9367.851,16,632
2021-10-07,6597.641432278832,6514.6255,16,632
2021-10-08,11917.172214520937,11904.702,16,632
2021-10-09,11034.860497333482,11021.964,16,632
2021-10-10,11297.21127314433,11237.452,16,632
2021-10-11,11592.064365260214,11565.497,16,632
2021-10-12,11468.950388027051,11399.63,16,632
2021-10-13,11936.941139343038,11931.795,16,632
2021-10-14,12609.314043291406,12472.349,16,632
2021-10-15,11552.860897306373,11580.249,16,632
2021-10-16,12108.432782707489,12059.044,16,632
2021-10-17,12111.412532939396,12075.826,16,632
2021-10-18,11682.661482174117,11647.522,16,632
2021-10-19,11570.27437013721,11600.411,16,632
2021-10-20,11433.051807806729,11417.427,16,632
2021-10-21,9433.69698265339,9490.78,16,632
2021-10-22,8073.554274573543,8176.911,16,632
2021-10-23,8739.844208173472,8723.988,16,632
2021-10-24,11021.69501562222,11080.557,17,662
2021-10-25,11139.47265385479,11146.131,17,662
2021-10-26,11026.989098693562,11060.546,17,662
2021-10-27,10515.046787756728,10600.181,17,662
2021-10-28,10592.594160748986,10660.712,17,662
2021-10-29,10554.7183598822,10659.25,17,662
2021-10-30,7743.888009577063,7903.4214,17,662
2021-10-31,8579.778684941373,8898.135,17,662
2021-11-01,11189.06851741208,11127.388,17,662
2021-11-02,10690.935271972785,10713.508,17,662
2021-11-03,10092.56159516263,10207.509,17,662
2021-11-04,9796.862175410091,9941.723,17,662
2021-11-05,3848.0208062634088,3831.3086,17,662
2021-11-06,1636.1693640362614,1653.055,17,662
2021-11-07,10014.704068569996,9919.266,17,662
2021-11-08,5186.827039834634,5259.3047,17,662
2021-11-09,4205.044605888762,4142.0083,17,662
2021-11-10,5651.247600636805,5540.239,17,662
2021-11-11,7627.981525988643,7688.39,17,662
2021-11-12,7914.711542344817,7925.2583,17,662
2021-11-13,9885.29129685819,9868.403,17,662
2021-11-14,10025.582342658228,10135.137,17,662
2021-11-15,10094.29461829434,10167.156,17,662
2021-11-16,8750.750765548346,8730.069,17,662
2021-11-17,9621.808919025536,9572.881,17,662
2021-11-18,6350.067599431698,6428.9263,17,662
2021-11-19,4619.14274650867,4670.1953,17,662
2021-11-20,5101.967172985745,5277.904,17,662
2021-11-21,6193.664079056323,6242.1016,17,662
2021-11-22,8783.895771786063,8854.808,17,662
2021-11-23,10379.871259515903,10342.018,18,692
2021-11-24,8578.619634127694,8756.445,18,692
2021-11-25,5063.416783875975,5217.6807,18,692
2021-11-26,7439.27051756469,7478.3276,18,692
2021-11-27,8694.40749653963,8837.406,18,692
2021-11-28,8548.846361538286,8567.591,18,692
2021-11-29,2759.489617910718,2839.025,18,692
2021-11-30,2065.937806760033,2059.526,18,692
2021-12-01,1337.2193732614664,1387.2032,18,692
2021-12-02,8523.917537873709,8484.132,18,692
2021-12-03,8836.808810430004,8896.414,18,692
2021-12-04,8988.142012425733,9002.668,18,692
2021-12-05,9493.419935452084,9501.784,18,692
2021-12-06,9230.737784628524,9262.641,18,692
2021-12-07,9055.529164748645,9091.928,18,692
2021-12-08,9467.71702392003,9340.149,18,692
2021-12-09,9528.701182223813,9496.665,18,692
2021-12-10,9427.052009202724,9317.75,18,692
2021-12-11,8950.507467074593,8996.778,18,692
2021-12-12,7794.65731352311,7842.0024,18,692
2021-12-13,8667.955706354429,8655.309,18,692
2021-12-14,9479.541380377368,9485.641,18,692
2021-12-15,9414.60695320215,9473.54,18,692
2021-12-16,9023.721999877076,9046.528,18,692
2021-12-17,8215.739620805534,8338.278,18,692
2021-12-18,9440.801152333355,9358.738,18,692
2021-12-19,6140.217358780546,6200.1885,18,692
2021-12-20,6749.824036696963,6797.673,18,692
2021-12-21,8817.797033076153,8799.298,18,692
2021-12-22,7977.019578314417,7950.813,18,692
2021-12-23,6460.40222059474,6622.654,19,722
2021-12-24,7107.32389163683,7332.6055,19,722
2021-12-25,8106.299493532982,8136.4106,19,722
2021-12-26,1612.1512357975205,1561.7461,19,722
2021-12-27,1335.597611148423,1379.8059,19,722
2021-12-28,5554.692848206134,5584.1562,19,722
2021-12-29,9068.924428707607,9178.96,19,722
2021-12-30,6158.040820769187,6185.5713,19,722
2021-12-31,6084.565986000207,6000.4766,19,722
2022-01-01,5485.002105485263,5489.6724,19,722
2022-01-02,8209.952657796834,8155.644,19,722
2022-01-03,3754.663286826357,3837.9177,19,722
2022-01-04,3445.2561786256542,3582.8306,19,722
2022-01-05,1287.3895399918172,1375.2264,19,722
2022-01-06,4713.808634197128,4627.239,19,722
2022-01-07,4431.178587939296,4433.356,19,722
2022-01-08,8480.534495216541,8418.052,19,722
2022-01-09,9085.722557564435,9228.6455,19,722
2022-01-10,10176.417997699516,10084.582,19,722
2022-01-11,10273.995110204374,10215.916,19,722
2022-01-12,9589.168403171,9609.992,19,722
2022-01-13,9387.374615441382,9456.855,19,722
2022-01-14,10087.22876220079,10080.762,19,722
2022-01-15,10333.9489634975,10248.588,19,722
2022-01-16,10511.533698801026,10469.279,19,722
2022-01-17,8217.968814684536,8308.968,19,722
2022-01-18,9545.333150497649,9543.216,19,722
2022-01-19,9427.747350360189,9472.907,19,722
2022-01-20,9663.891888743316,9621.085,19,722
2022-01-21,9116.283492955354,9043.525,19,722
2022-01-22,9776.558734189912,9817.942,20,752
2022-01-23,11674.3171238406,11469.915,20,752
2022-01-24,11305.628493621472,11148.542,20,752
2022-01-25,11091.913840323716,11031.29,20,752
2022-01-26,10450.865032478356,10496.993,20,752
2022-01-27,11196.1479302718,11159.567,20,752
2022-01-28,11131.55756187817,11128.737,20,752
2022-01-29,10879.3074652409,10835.575,20,752
2022-01-30,9100.96613226928,9079.921,20,752
2022-01-31,10611.463524149662,10645.781,20,752
2022-02-01,7911.741223973679,7818.8037,20,752
2022-02-02,8737.365779300826,8700.926,20,752
2022-02-03,11197.916328118148,11257.658,20,752
2022-02-04,11057.59888972426,11128.06,20,752
2022-02-05,11477.742013468733,11424.624,20,752
2022-02-06,10402.632117481728,10446.263,20,752
2022-02-07,9439.922400722686,9343.332,20,752
2022-02-08,10268.890408243093,10118.001,20,752
2022-02-09,11847.153962229584,11805.021,20,752
2022-02-10,12299.600005297185,12199.425,20,752
2022-02-11,11976.795228396992,11939.248,20,752
2022-02-12,12084.52546997326,11972.317,20,752
2022-02-13,11839.189328048384,11753.334,20,752
2022-02-14,11636.720637290502,11520.407,20,752
2022-02-15,11116.999541348729,11054.378,20,752
2022-02-16,11744.67804433347,11608.103,20,752
2022-02-17,11505.797339455374,11441.173,20,752
2022-02-18,11220.744300235694,11223.904,20,752
2022-02-19,11897.006661645224,11825.748,20,752
2022-02-20,12387.72213031157,12248.244,20,752
2022-02-21,13277.519692033771,13133.94,21,782
2022-02-22,12821.00028965222,12768.747,21,782
2022-02-23,12504.93821912083,12475.665,21,782
2022-02-24,12442.080702640178,12365.288,21,782
2022-02-25,12614.220094417376,12582.47,21,782
2022-02-26,12476.2848469763,12445.089,21,782
2022-02-27,12199.307065496429,12174.29,21,782
2022-02-28,12385.647629524852,12276.362,21,782
2022-03-01,11470.174757306457,11503.652,21,782
2022-03-02,10819.669913895634,10885.826,21,782
2022-03-03,11947.72340533586,12037.499,21,782
2022-03-04,11867.251051629888,11863.889,21,782
2022-03-05,8632.625322776059,8882.652,21,782
2022-03-06,4057.0074820750942,4081.3132,21,782
2022-03-07,8315.739042662513,8302.185,21,782
2022-03-08,11060.612947054056,11029.681,21,782
2022-03-09,12970.319959946995,12903.524,21,782
2022-03-10,11663.552926033472,11625.868,21,782
2022-03-11,12135.067652307003,12161.484,21,782
2022-03-12,12060.964407555151,12107.179,21,782
2022-03-13,12674.832798167146,12658.024,21,782
2022-03-14,12104.10778388475,12169.833,21,782
2022-03-15,11009.996737945678,10971.116,21,782
2022-03-16,11881.685543336907,11927.261,21,782
2022-03-17,12716.906789413217,12647.404,21,782
2022-03-18,12366.407971570994,12364.889,21,782
2022-03-19,12190.373654104538,12231.708,21,782
2022-03-20,12994.158533105709,12980.342,21,782
2022-03-21,13940.933595070252,14154.023,21,782
2022-03-22,13499.57351737765,13471.428,21,782
2022-03-23,14018.928234687552,14131.832,22,812
2022-03-24,13103.840264134182,13099.922,22,812
2022-03-25,12946.301087140424,12943.438,22,812
2022-03-26,13379.449241464425,13335.802,22,812
2022-03-27,13222.249794740948,13285.642,22,812
2022-03-28,13537.362740971632,13578.543,22,812
2022-03-29,12865.992574509532,12906.989,22,812
2022-03-30,12669.572154362968,12761.148,22,812
2022-03-31,12318.28834777602,12385.218,22,812
2022-04-01,13183.382234407443,13171.203,22,812
2022-04-02,12353.961347412682,12460.262,22,812
2022-04-03,11927.589887433767,12067.483,22,812
2022-04-04,10286.087875419404,10561.945,22,812
2022-04-05,2626.757536313351,2565.0671,22,812
2022-04-06,5274.423980142595,5200.6465,22,812
2022-04-07,5502.885791185153,5413.2764,22,812
2022-04-08,7243.592793672541,7195.7207,22,812
2022-04-09,6717.759476786613,6850.7715,22,812
2022-04-10,11156.46208589853,11036.061,22,812
2022-04-11,4376.950283546108,4157.866,22,812
2022-04-12,11109.539569810317,11171.595,22,812
2022-04-13,13237.251359605209,13192.369,22,812
2022-04-14,12982.925898563628,12970.362,22,812
2022-04-15,12853.711109981174,12775.986,22,812
2022-04-16,13002.905935321716,12947.617,22,812
2022-04-17,13602.576747178882,13553.177,22,812
2022-04-18,11948.04337157898,11926.322,22,812
2022-04-19,9720.418985188207,9782.873,22,812
2022-04-20,4862.540487440516,4755.809,22,812
2022-04-21,11322.3097653461,11202.202,22,812
2022-04-22,10890.57730578094,10736.666,23,842
2022-04-23,13002.73913981422,12912.9,23,842
2022-04-24,11449.519562943618,11415.693,23,842
2022-04-25,13713.226395458789,13491.425,23,842
2022-04-26,14699.81144466628,14211.748,23,842
2022-04-27,13604.745035179349,13579.363,23,842
2022-04-28,12898.504879989894,12923.733,23,842
2022-04-29,13633.27020002262,13537.11,23,842
2022-04-30,12977.460527811398,13014.395,23,842
2022-05-01,12857.005459784878,12930.204,23,842
2022-05-02,13205.285980074894,13274.792,23,842
2022-05-03,13009.74757889456,13073.31,23,842
2022-05-04,12909.028514552354,12933.024,23,842
2022-05-05,12706.900119441723,12466.341,23,842
2022-05-06,13982.580819129083,14198.631,23,842
2022-05-07,13807.024935381636,13751.236,23,842
2022-05-08,12889.001607618357,12964.087,23,842
2022-05-09,13881.038834869052,13804.604,23,842
2022-05-10,12692.166649994251,12717.862,23,842
2022-05-11,12770.3768209667,12827.452,23,842
2022-05-12,13376.857420252143,13406.8545,23,842
2022-05-13,13341.686061741872,13347.834,23,842
2022-05-14,12988.745509767386,12983.261,23,842
2022-05-15,13533.126757513764,13537.696,23,842
2022-05-16,12634.473213123056,12745.778,23,842
2022-05-17,12897.889729358109,12927.223,23,842
2022-05-18,12686.341006618646,12682.58,23,842
2022-05-19,12791.0196059954,12833.089,23,842
2022-05-20,14235.17036409173,14189.231,23,842
2022-05-21,12961.173455100916,12829.506,23,842
2022-05-22,12625.361175719843,12489.671,24,872
2022-05-23,12464.276866396523,12325.71,24,872
2022-05-24,12887.499748102224,12917.015,24,872
2022-05-25,10904.582359130964,10967.541,24,872
2022-05-26,9559.955465005243,9666.089,24,872
2022-05-27,12944.841495069451,12830.819,24,872
2022-05-28,11238.578114326629,11238.078,24,872
2022-05-29,12443.0549575425,12414.4375,24,872
2022-05-30,13317.144849475746,13304.916,24,872
2022-05-31,13642.427697453311,13536.599,24,872
2022-06-01,13950.080125048176,14038.168,24,872
2022-06-02,13891.83544290292,14023.773,24,872
2022-06-03,13918.659189449496,14087.005,24,872
2022-06-04,14282.69931014054,14306.312,24,872
2022-06-05,15130.72539019052,14275.263,24,872
2022-06-06,14350.264085152035,14304.422,24,872
2022-06-07,12389.021655456392,12397.368,24,872
2022-06-08,11263.359098031478,11324.571,24,872
2022-06-09,13002.68559984756,12877.734,24,872
2022-06-10,9818.430817333188,9852.508,24,872
2022-06-11,10263.380930631249,10360.668,24,872
2022-06-12,9280.523371498026,9268.327,24,872
2022-06-13,7011.197657128641,6983.127,24,872
2022-06-14,7602.148568408091,7456.5156,24,872
2022-06-15,11111.171819465011,11126.783,24,872
2022-06-16,3860.792477296426,3733.9817,24,872
2022-06-17,7849.326237088567,7970.0654,24,872
2022-06-18,8514.546399593532,8540.758,24,872
2022-06-19,8721.742539235544,8694.568,24,872
2022-06-20,8316.579643548619,8232.61,24,872
2022-06-21,10528.159444698233,10499.373,25,902
2022-06-22,13566.7779479508,13375.1455,25,902
2022-06-23,12111.409219438823,12190.575,25,902
2022-06-24,11219.64544661167,11083.551,25,902
2022-06-25,9889.265225841647,9818.144,25,902
2022-06-26,10015.173385783764,10100.236,25,902
2022-06-27,2202.618033671496,2194.561,25,902
2022-06-28,3148.7264876793115,3133.7957,25,902
2022-06-29,642.9485605127603,656.1357,25,902
2022-06-30,79.32883894785905,131.0667,25,902
2022-07-01,728.9282917207956,681.3892,25,902
2022-07-02,34.21696448604487,25.302023,25,902
2022-07-03,1714.017759365834,1681.2876,25,902
2022-07-04,126.19070780818257,156.47908,25,902
2022-07-05,571.4710985222248,517.4819,25,902
2022-07-06,528.5843870235572,440.2687,25,902
2022-07-07,673.4233676848252,626.0276,25,902
2022-07-08,0.0,12.02136,25,902
2022-07-09,832.3562178192323,783.9235,25,902
2022-07-10,217.99834963940327,207.15408,25,902
2022-07-11,374.7501178865466,312.51935,25,902
2022-07-12,422.5663423648841,613.6787,25,902
2022-07-13,4003.515477126243,4014.293,25,902
2022-07-14,1091.931480895565,1045.1912,25,902
2022-07-15,826.3541504272612,792.0799,25,902
2022-07-16,2794.7364743106755,2749.28,25,902
2022-07-17,4659.760348082549,4686.767,25,902
2022-07-18,2420.873365045108,2370.135,25,902
2022-07-19,4283.326662189158,4172.8125,25,902
2022-07-20,3417.5704649848185,3192.0034,25,902
2022-07-21,3373.101472508431,3156.674,26,932
2022-07-22,1822.944200166851,1748.1306,26,932
2022-07-23,84.47329890820885,115.29301,26,932
2022-07-24,0.0,20.049759,26,932
2022-07-25,0.0,25.510477,26,932
2022-07-26,2.7324301396894617,24.530476,26,932
2022-07-27,1973.6666873426432,1968.0756,26,932
2022-07-28,4732.514834397827,4622.735,26,932
2022-07-29,3260.585479416778,3139.0012,26,932
2022-07-30,3168.371490557743,3054.384,26,932
2022-07-31,3628.988896315518,3642.9785,26,932
2022-08-01,2123.2290492534767,2076.5144,26,932
2022-08-02,2267.950408873662,2156.4985,26,932
2022-08-03,3872.160063425988,3901.6243,26,932
2022-08-04,4.452281755297658,74.17919,26,932
2022-08-05,3.0633704031412745,31.928226,26,932
2022-08-06,4.719278140783374,17.433569,26,932
2022-08-07,360.36081680289993,389.51154,26,932
2022-08-08,8.778687498008765,106.85343,26,932
2022-08-09,1247.7656460284684,1139.1461,26,932
2022-08-10,524.1523533054681,503.75143,26,932
2022-08-11,7.434029313706178,27.279531,26,932
2022-08-12,13.846720726647716,102.86465,26,932
2022-08-13,835.6122199182748,817.1779,26,932
2022-08-14,1099.4349152306447,1084.5718,26,932
2022-08-15,379.1832770324709,372.7271,26,932
2022-08-16,0.0,24.62678,26,932
2022-08-17,0.0,19.558823,26,932
2022-08-18,35.34060090781773,37.929993,26,932
2022-08-19,1071.7281327198727,970.47394,26,932
2022-08-20,3142.664026012944,3160.8281,27,962
2022-08-21,266.9837027211971,278.8069,27,962
2022-08-22,330.1291266502507,250.61972,27,962
2022-08-23,256.9497355431509,265.28506,27,962
2022-08-24,376.6547881680135,343.8179,27,962
2022-08-25,2905.754402004768,2945.9604,27,962
2022-08-26,10426.506099724014,10326.384,27,962
2022-08-27,10379.78813245372,10229.963,27,962
2022-08-28,4114.261620987816,4090.8503,27,962
2022-08-29,3040.015830129028,2978.7817,27,962
2022-08-30,7507.91922440278,7636.4873,27,962
2022-08-31,8408.16748924568,8352.467,27,962
2022-09-01,2714.3315127421924,2743.1646,27,962
2022-09-02,2451.525036419828,2458.7344,27,962
2022-09-03,8284.383896128114,8175.724,27,962
2022-09-04,6371.595218113845,6337.3774,27,962
2022-09-05,6876.960800732294,6730.5684,27,962
2022-09-06,7402.970455517785,7311.6074,27,962
2022-09-07,10303.75200665111,10223.903,27,962
2022-09-08,11247.006920884023,11320.649,27,962
2022-09-09,8312.909230232528,8312.552,27,962
2022-09-10,5972.280184643207,6171.8413,27,962
2022-09-11,8.203730161863508,30.843119,27,962
2022-09-12,97.97979787203631,109.907616,27,962
2022-09-13,1889.31137814977,1859.848,27,962
2022-09-14,947.211793250798,862.27155,27,962
2022-09-15,1783.6466375254383,1676.3806,27,962
2022-09-16,5785.9589820466335,5605.7036,27,962
2022-09-17,7411.122860792229,7247.586,27,962
2022-09-18,8472.10432776891,8385.667,27,962
2022-09-19,11181.536269178876,11000.33,28,992
2022-09-20,10241.613424377796,10091.743,28,992
2022-09-21,10450.865041772504,10387.278,28,992
2022-09-22,8060.97852116209,7941.0967,28,992
2022-09-23,4073.941902724214,4040.4795,28,992
2022-09-24,4396.358288229779,4352.4023,28,992
2022-09-25,6355.324280358911,6330.515,28,992
2022-09-26,10041.834334385278,9917.573,28,992
2022-09-27,10568.773695269232,10616.605,28,992
2022-09-28,9351.197136681283,9346.156,28,992
2022-09-29,6938.748013864896,6926.18,28,992
2022-09-30,12887.210945423016,12860.21,28,992
2022-10-01,10980.279427740406,11030.572,28,992
2022-10-02,11016.111716922444,11077.85,28,992
2022-10-03,10959.522709720331,10839.406,28,992
2022-10-04,11461.535481632833,11464.703,28,992
2022-10-05,11274.987350416084,11259.371,28,992
2022-10-06,10964.852041595306,10949.141,28,992
2022-10-07,1586.3689340090702,1615.7468,28,992
2022-10-08,5743.666207366419,5571.4756,28,992
2022-10-09,10000.143199949636,10149.342,28,992
2022-10-10,11265.45675891997,11235.751,28,992
2022-10-11,11085.378312187357,11143.441,28,992
2022-10-12,11309.357846051204,11242.698,28,992
2022-10-13,11707.460918390843,11632.066,28,992
2022-10-14,11516.405859548688,11450.571,28,992
2022-10-15,11398.507847152146,11481.211,28,992
2022-10-16,8992.190261199072,9090.259,28,992
2022-10-17,12207.280263655472,12192.042,28,992
2022-10-18,11837.52308189974,11883.358,28,992
2022-10-19,12063.531558006283,11986.05,29,1022
2022-10-20,11346.192914844054,11345.924,29,1022
2022-10-21,8699.790242938083,8936.624,29,1022
2022-10-22,11345.2197642383,11370.946,29,1022
2022-10-23,10562.8188804047,10606.126,29,1022
2022-10-24,11431.056009041418,11402.756,29,1022
2022-10-25,11505.20528565076,11527.848,29,1022
2022-10-26,11031.576255999524,10946.38,29,1022
2022-10-27,11315.70174897189,11262.157,29,1022
2022-10-28,9246.795628200274,9205.598,29,1022
2022-10-29,10271.29951346192,10308.257,29,1022
2022-10-30,10713.347028218432,10678.541,29,1022
2022-10-31,10306.482755385345,10309.928,29,1022
2022-11-01,10880.168302944598,10891.324,29,1022
2022-11-02,8600.650089913379,8528.749,29,1022
2022-11-03,10666.355574691856,10659.921,29,1022
2022-11-04,11132.14996502914,11104.152,29,1022
2022-11-05,7812.301951207671,7821.255,29,1022
2022-11-06,3094.8614013056995,3109.1536,29,1022
2022-11-07,4979.45002479241,4965.8706,29,1022
2022-11-08,9656.974886989752,9661.928,29,1022
2022-11-09,10093.925893031836,10052.395,29,1022
2022-11-10,9788.684558657267,9749.026,29,1022
2022-11-11,8892.932672334595,9004.314,29,1022
2022-11-12,9790.990035601775,9778.784,29,1022
2022-11-13,9838.455527595745,9730.096,29,1022
2022-11-14,8979.118210694527,9088.38,29,1022
2022-11-15,9004.398448545042,8977.087,29,1022
2022-11-16,9527.776120379083,9534.78,29,1022
2022-11-17,9771.63887057683,9717.367,29,1022
2022-11-18,9685.986966858514,9646.151,30,1052
2022-11-19,9573.409928920148,9388.063,30,1052
2022-11-20,9138.782651168083,9231.419,30,1052
2022-11-21,10103.926814079578,10027.471,30,1052
2022-11-22,9520.248625413213,9517.458,30,1052
2022-11-23,9625.085963835734,9562.165,30,1052
2022-11-24,6505.484703924576,6492.397,30,1052
2022-11-25,3340.9764454266897,3411.6748,30,1052
2022-11-26,9639.24912426361,9639.583,30,1052
2022-11-27,9789.063303255232,9681.839,30,1052
2022-11-28,9293.654183856366,9330.259,30,1052
2022-11-29,5881.468743786513,5933.9287,30,1052
2022-11-30,9219.612433077717,9284.599,30,1052
2022-12-01,9820.334489509349,9756.761,30,1052
2022-12-02,9180.024982611065,9132.398,30,1052
2022-12-03,9320.490173470243,9258.646,30,1052
2022-12-04,9961.35366462559,9873.301,30,1052
2022-12-05,9540.649788710552,9498.042,30,1052
2022-12-06,9469.726443285314,9452.821,30,1052
2022-12-07,9206.367891379654,9261.888,30,1052
2022-12-08,9229.266703873118,9205.504,30,1052
2022-12-09,8276.779042139804,8429.564,30,1052
2022-12-10,8998.25894849536,8978.918,30,1052
2022-12-11,9322.2293264223,9319.985,30,1052
2022-12-12,9590.90134504977,9504.841,30,1052
2022-12-13,9857.939019849657,9720.659,30,1052
2022-12-14,8759.726368819545,8823.622,30,1052
2022-12-15,7187.77418157383,7111.9136,30,1052
2022-12-16,7181.1991295949165,7137.764,30,1052
2022-12-17,6560.4964863247005,6602.727,30,1052
2022-12-18,5443.844288509455,5395.8237,31,1082
2022-12-19,2416.1241701890867,2450.8943,31,1082
2022-12-20,2259.4997123129247,2421.186,31,1082
2022-12-21,8985.391996260614,8939.532,31,1082
2022-12-22,9091.090291223994,9111.443,31,1082
2022-12-23,8903.861160606937,8915.728,31,1082
2022-12-24,8799.86751760819,8773.303,31,1082
2022-12-25,7920.411605290656,7940.836,31,1082
2022-12-26,9101.68069222854,9099.722,31,1082
2022-12-27,9248.6589627847,9214.64,31,1082
2022-12-28,8908.105154394096,8976.403,31,1082
2022-12-29,6896.759765113238,6836.684,31,1082
2022-12-30,8878.369047975164,8916.625,31,1082
2022-12-31,10116.48854960296,10084.6455,31,1082
2023-01-01,9315.492271401585,9229.199,31,1082
2023-01-02,4307.39422702196,4290.35,31,1082
2023-01-03,7650.512042047459,7551.942,31,1082
2023-01-04,10418.875365206171,10396.122,31,1082
2023-01-05,9613.449359908109,9523.2,31,1082
2023-01-06,9840.203934825457,9693.894,31,1082
2023-01-07,9399.84234539309,9355.344,31,1082
2023-01-08,9323.953646890948,9307.674,31,1082
2023-01-09,8969.872734904317,8966.9375,31,1082
2023-01-10,9471.407318359465,9403.995,31,1082
2023-01-11,8474.243846525085,8490.461,31,1082
2023-01-12,9512.699452075934,9537.319,31,1082
2023-01-13,9465.91599599856,9425.809,31,1082
2023-01-14,9285.797639349355,9262.762,31,1082
2023-01-15,11169.797871528735,11029.566,31,1082
2023-01-16,10028.583750349424,10075.902,31,1082
2023-01-17,7612.947040249721,7596.053,32,1112
2023-01-18,6649.672179503347,6717.0996,32,1112
2023-01-19,3901.967847454076,3911.0151,32,1112
2023-01-20,9925.98658747888,9937.521,32,1112
2023-01-21,10503.031750544587,10544.091,32,1112
2023-01-22,10422.198071911618,10436.37,32,1112
2023-01-23,10661.1661239426,10646.655,32,1112
2023-01-24,10242.062447338943,10260.404,32,1112
2023-01-25,9207.903017514896,9196.031,32,1112
2023-01-26,10391.003308292607,10396.438,32,1112
2023-01-27,10626.819947413278,10685.714,32,1112
2023-01-28,10149.555992693551,10183.845,32,1112
2023-01-29,10593.013566606664,10580.249,32,1112
2023-01-30,10960.32653301382,10971.422,32,1112
2023-01-31,11955.294603365084,11893.714,32,1112
2023-02-01,11467.90245207121,11474.967,32,1112
2023-02-02,11306.972085627103,11310.475,32,1112
2023-02-03,10474.725462985076,10532.825,32,1112
2023-02-04,10765.270446743856,10758.844,32,1112
2023-02-05,8201.29939617872,8230.904,32,1112
2023-02-06,10585.46544574592,10566.857,32,1112
2023-02-07,9840.484686766758,9845.771,32,1112
2023-02-08,11122.25910829469,11096.876,32,1112
2023-02-09,11887.286587312716,11891.755,32,1112
2023-02-10,11364.77496772122,11450.16,32,1112
2023-02-11,11004.949580811675,10993.636,32,1112
2023-02-12,11502.39281389761,11476.484,32,1112
2023-02-13,11723.979177944791,11685.279,32,1112
2023-02-14,12362.684408654604,12254.719,32,1112
2023-02-15,7924.769232850343,8090.396,32,1112
2023-02-16,7617.702382293979,7660.9805,33,1142
2023-02-17,11972.563383345814,12008.204,33,1142
2023-02-18,12052.313182025882,12083.315,33,1142
2023-02-19,9936.449255181604,9846.753,33,1142
2023-02-20,8562.380895029546,8420.33,33,1142
2023-02-21,6764.538963979929,6726.0776,33,1142
2023-02-22,3284.9405047629702,3217.5466,33,1142
2023-02-23,9687.607204005551,9512.309,33,1142
2023-02-24,8232.811438409057,8278.601,33,1142
2023-02-25,6492.910800155313,6390.227,33,1142
2023-02-26,11521.278305028663,11545.362,33,1142
2023-02-27,11784.20921351792,11713.609,33,1142
2023-02-28,12388.236636123776,12390.272,33,1142
2023-03-01,12544.359841656344,12530.476,33,1142
2023-03-02,10614.096654366404,10536.583,33,1142
2023-03-03,11738.272466456316,11674.479,33,1142
2023-03-04,9218.818539459791,9501.198,33,1142
2023-03-05,9696.223477313948,9744.233,33,1142
2023-03-06,9889.74474951546,10087.716,33,1142
2023-03-07,11434.449908371818,11478.049,33,1142
2023-03-08,9600.44249012272,9891.96,33,1142
2023-03-09,11735.29642367789,11756.683,33,1142
2023-03-10,10451.063335570014,10698.554,33,1142
2023-03-11,8105.491063142937,8251.271,33,1142
2023-03-12,854.3602246295942,877.1902,33,1142
2023-03-13,9724.192367342368,9750.404,33,1142
2023-03-14,2067.568469161224,2106.071,33,1142
2023-03-15,2802.8153206930965,3113.0488,33,1142
2023-03-16,8670.473422076293,8573.346,33,1142
2023-03-17,10294.749082988532,10388.299,33,1142
2023-03-18,10615.897845034662,10651.87,34,1172
2023-03-19,10904.898449133894,10896.754,34,1172
2023-03-20,8561.723361664835,8526.584,34,1172
2023-03-21,7869.368531653682,8016.4746,34,1172
2023-03-22,6582.144599047322,6758.5806,34,1172
2023-03-23,8473.691445664203,8575.649,34,1172
2023-03-24,9618.816887837194,9666.687,34,1172
2023-03-25,12160.763899319429,12092.585,34,1172
2023-03-26,12194.45079808977,12296.153,34,1172
2023-03-27,13322.745787806352,13367.731,34,1172
2023-03-28,12335.054715745073,12389.826,34,1172
2023-03-29,6408.569890506095,6460.6396,34,1172
2023-03-30,10236.866934724589,10355.494,34,1172
2023-03-31,10297.966789338336,10265.203,34,1172
2023-04-01,13788.57562730171,13687.645,34,1172
2023-04-02,13705.663737165958,13694.745,34,1172
2023-04-03,10396.473516212884,10375.165,34,1172
2023-04-04,12551.2430073028,12626.4795,34,1172
2023-04-05,14239.228565055231,14172.418,34,1172
2023-04-06,12919.013429822742,12898.639,34,1172
2023-04-07,13120.77237736175,13160.896,34,1172
2023-04-08,10605.174420380792,10695.254,34,1172
2023-04-09,13124.318871293868,13154.427,34,1172
2023-04-10,2766.1950868555523,2713.583,34,1172
2023-04-11,11522.67326692789,11628.654,34,1172
2023-04-12,3985.068958502524,4118.614,34,1172
2023-04-13,4950.81932755624,4867.2173,34,1172
2023-04-14,11433.004991074244,11585.925,34,1172
2023-04-15,13389.659836699591,13381.188,34,1172
2023-04-16,12040.734080117723,12024.12,34,1172
2023-04-17,10874.870220282122,10801.649,35,1202
2023-04-18,8938.989768503863,8963.435,35,1202
2023-04-19,4389.864675526909,4550.0107,35,1202
2023-04-20,5891.293318700315,5925.8574,35,1202
2023-04-21,10979.298444452445,11005.699,35,1202
2023-04-22,10827.051380559333,10960.741,35,1202
2023-04-23,13035.536876678356,13017.06,35,1202
2023-04-24,2565.2198188929488,2641.6108,35,1202
2023-04-25,3352.7949764617774,3342.9597,35,1202
2023-04-26,7678.723597620442,7874.428,35,1202
2023-04-27,6003.768606228128,6185.085,35,1202
2023-04-28,5006.949666964949,5173.9805,35,1202
2023-04-29,6781.330216076191,7029.282,35,1202
2023-04-30,11948.884719854284,11924.882,35,1202
2023-05-01,12156.141427733504,12169.395,35,1202
2023-05-02,10850.849156192577,10908.042,35,1202
2023-05-03,11369.77035273972,11437.449,35,1202
2023-05-04,12964.024701586077,12871.765,35,1202
2023-05-05,11360.924590891627,11341.004,35,1202
2023-05-06,9679.174379704817,9733.371,35,1202
2023-05-07,13153.403937024565,13135.1875,35,1202
2023-05-08,13174.56545874838,13182.763,35,1202
2023-05-09,12723.908348659126,12780.564,35,1202
2023-05-10,13119.41691289382,13153.513,35,1202
2023-05-11,13103.562453374883,13130.884,35,1202
2023-05-12,12624.161678122444,12660.185,35,1202
2023-05-13,13084.198741613704,13092.383,35,1202
2023-05-14,13082.665433930304,13081.128,35,1202
2023-05-15,11334.363085243158,11291.618,35,1202
2023-05-16,12116.951664874969,12142.574,35,1202
2023-05-17,12940.622459474298,12879.955,36,1232
2023-05-18,12223.054154832043,12255.946,36,1232
2023-05-19,13097.49385781087,13112.205,36,1232
2023-05-20,11164.372449714168,11117.679,36,1232
2023-05-21,11539.218193131956,11476.228,36,1232
2023-05-22,9266.864952376882,9166.538,36,1232
2023-05-23,9760.74660376028,9703.384,36,1232
2023-05-24,9413.244219827186,9200.451,36,1232
2023-05-25,13856.411598886609,13744.573,36,1232
2023-05-26,11850.6448204277,11942.531,36,1232
2023-05-27,12385.50121459859,12363.388,36,1232
2023-05-28,10871.202044989996,10885.178,36,1232
2023-05-29,9563.339482242429,9608.065,36,1232
2023-05-30,7843.517794564901,7880.5996,36,1232
2023-05-31,10384.568565825504,10436.278,36,1232
2023-06-01,9587.738494170151,9528.572,36,1232
2023-06-02,12921.462088286504,12852.947,36,1232
2023-06-03,13306.880447711394,13390.1455,36,1232
2023-06-04,14614.024479508553,14555.062,36,1232
2023-06-05,14499.098370084075,14573.672,36,1232
2023-06-06,14040.988088722615,13925.339,36,1232
2023-06-07,14136.11467087328,13938.355,36,1232
2023-06-08,11892.512470111864,11891.923,36,1232
2023-06-09,12721.290906768156,12735.162,36,1232
2023-06-10,14392.371081674612,14197.077,36,1232
2023-06-11,12750.168830142256,12658.051,36,1232
2023-06-12,3376.8633215164155,3306.3645,36,1232
2023-06-13,590.9224410719373,560.35834,36,1232
2023-06-14,2723.692534602254,2636.801,36,1232
2023-06-15,427.25693446863534,349.3296,36,1232
2023-06-16,1.8529558310453231,1.6774527,37,1262
2023-06-17,0.0,5.064913,37,1262
2023-06-18,361.9218918801389,353.21622,37,1262
2023-06-19,3046.234842545485,2992.72,37,1262
2023-06-20,5699.933918223359,5661.7056,37,1262
2023-06-21,5790.750430162636,5605.701,37,1262
2023-06-22,7106.920037885952,7043.8374,37,1262
2023-06-23,1995.7589180137304,1984.7231,37,1262
2023-06-24,5427.748931091255,5308.6733,37,1262
2023-06-25,3821.270841266213,3740.2615,37,1262
2023-06-26,520.2256611672689,509.9921,37,1262
2023-06-27,3335.630984406492,3302.8098,37,1262
2023-06-28,584.7463128862815,593.08,37,1262
2023-06-29,748.0668306593208,744.09296,37,1262
2023-06-30,72.29213881947138,80.578415,37,1262
2023-07-01,3810.223671429501,3765.7249,37,1262
2023-07-02,6613.691972146177,6556.499,37,1262
2023-07-03,7357.7648055273985,7331.721,37,1262
2023-07-04,7660.69471046672,7638.2603,37,1262
2023-07-05,3207.498909390159,3223.4338,37,1262
2023-07-06,3236.6133898029666,3268.1345,37,1262
2023-07-07,197.6604266340866,180.58846,37,1262
2023-07-08,0.0,10.457012,37,1262
2023-07-09,0.0,14.73344,37,1262
2023-07-10,1209.4507088338955,1191.731,37,1262
2023-07-11,9631.26883418057,9538.688,37,1262
2023-07-12,3467.727217540127,3379.5488,37,1262
2023-07-13,77.04692140770706,76.026085,37,1262
2023-07-14,5387.839743501084,5240.8706,37,1262
2023-07-15,2164.453957645309,2102.412,37,1262
2023-07-16,5136.68666315519,5074.75,38,1292
2023-07-17,4004.6593042053846,4035.0774,38,1292
2023-07-18,122.67925873558252,122.99176,38,1292
2023-07-19,53.32759353923932,51.74172,38,1292
2023-07-20,15.890735285604409,22.067472,38,1292
2023-07-21,305.3756354306715,270.92783,38,1292
2023-07-22,339.5819941127537,305.1168,38,1292
2023-07-23,2.5928602569998778,11.369686,38,1292
2023-07-24,288.1396161698812,271.3051,38,1292
2023-07-25,1285.3848036509794,1255.2513,38,1292
2023-07-26,2827.2192715803217,2771.6868,38,1292
2023-07-27,1258.9928425464277,1215.2682,38,1292
2023-07-28,2048.052752789986,2084.2122,38,1292
2023-07-29,4951.942654712158,4953.4487,38,1292
2023-07-30,5733.72441532946,5671.6616,38,1292
2023-07-31,4859.279836769253,4780.004,38,1292
2023-08-01,3128.4128356307924,3227.78,38,1292
2023-08-02,5234.584096956922,5213.162,38,1292
2023-08-03,1300.3968461323857,1258.5016,38,1292
2023-08-04,3324.9558831570657,3274.8025,38,1292
2023-08-05,3719.932356231712,3599.9624,38,1292
2023-08-06,2521.950722297376,2472.41,38,1292
2023-08-07,6225.309199343828,6178.7104,38,1292
2023-08-08,4730.127509804364,4503.039,38,1292
2023-08-09,1608.1246885599696,1591.5436,38,1292
2023-08-10,3936.5157175123113,3925.2976,38,1292
2023-08-11,5609.157615443151,5560.065,38,1292
2023-08-12,4474.362787781139,4334.342,38,1292
2023-08-13,3490.746945353056,3469.4539,38,1292
2023-08-14,374.0613731805043,324.53958,38,1292
2023-08-15,1242.2405124480545,1191.4071,39,1322
2023-08-16,5176.310801475024,5275.0576,39,1322
2023-08-17,6176.98638603207,6267.935,39,1322
2023-08-18,7111.743258472924,7125.446,39,1322
2023-08-19,9321.201979009407,9222.325,39,1322
2023-08-20,3753.409881263835,3702.677,39,1322
2023-08-21,7067.464871983369,7041.2056,39,1322
2023-08-22,2511.932010763429,2507.898,39,1322
2023-08-23,77.42965559948435,64.45559,39,1322
2023-08-24,3348.9378154723613,3374.4434,39,1322
2023-08-25,84.4931514972796,105.914955,39,1322
2023-08-26,1554.782841957997,1419.9983,39,1322
2023-08-27,5451.965558026224,5436.829,39,1322
2023-08-28,6412.398683981352,6270.749,39,1322
2023-08-29,7325.65339466341,7246.501,39,1322
2023-08-30,8638.124561736782,8386.919,39,1322
2023-08-31,9954.057072037403,9768.122,39,1322
2023-09-01,9790.69266755004,9697.963,39,1322
2023-09-02,11149.44719211545,11183.488,39,1322
2023-09-03,10831.879110524938,10757.682,39,1322
2023-09-04,9381.59225365982,9241.494,39,1322
2023-09-05,7083.261177288655,7071.3022,39,1322
2023-09-06,11288.87220646095,11284.019,39,1322
2023-09-07,11080.504722599462,10963.682,39,1322
2023-09-08,11661.611009774428,11550.954,39,1322
2023-09-09,9121.757605432646,9155.713,39,1322
2023-09-10,9806.46161519024,9756.795,39,1322
2023-09-11,9426.31919630366,9477.798,39,1322
2023-09-12,3664.170378965972,3642.8306,39,1322
2023-09-13,5541.518641605078,5400.9746,39,1322
2023-09-14,2688.030881163648,2643.7214,40,1352
2023-09-15,4499.587097350916,4446.599,40,1352
2023-09-16,3269.8512594406207,3188.0168,40,1352
2023-09-17,642.3714607184487,588.6758,40,1352
2023-09-18,930.169736897864,904.7854,40,1352
2023-09-19,0.0,11.194296,40,1352
2023-09-20,47.33212994164119,38.902832,40,1352
2023-09-21,5117.320017771496,5133.586,40,1352
2023-09-22,4404.995971926952,4365.8403,40,1352
2023-09-23,5834.6631470280845,5747.8193,40,1352
2023-09-24,7760.50699842817,7784.086,40,1352
2023-09-25,11973.669052111203,11899.981,40,1352
2023-09-26,5707.576019917461,5763.471,40,1352
2023-09-27,12310.789858996668,12236.678,40,1352
2023-09-28,10138.100951054212,10228.6875,40,1352
2023-09-29,10707.978728056438,10591.583,40,1352
2023-09-30,10565.03987095408,10527.597,40,1352
2023-10-01,7205.471799734924,7140.2036,40,1352
2023-10-02,11614.281997686852,11536.593,40,1352
2023-10-03,9800.969954791924,9818.401,40,1352
2023-10-04,10169.371782948938,10165.077,40,1352
2023-10-05,9981.426382184856,10089.052,40,1352
2023-10-06,9075.923719832292,9121.665,40,1352
2023-10-07,9109.759088908771,9222.572,40,1352
2023-10-08,11703.706071480525,11719.221,40,1352
2023-10-09,7839.784178275575,7899.7915,40,1352
2023-10-10,10504.227469503436,10564.069,40,1352
2023-10-11,11693.474372055443,11655.371,40,1352
2023-10-12,12670.579170853194,12583.6875,40,1352
2023-10-13,10087.106722339244,10296.6045,40,1352
2023-10-14,11882.213047468114,11843.405,41,1382
2023-10-15,11340.35463172312,11371.204,41,1382
2023-10-16,10420.743434008751,10504.437,41,1382
2023-10-17,8971.301266736058,8985.092,41,1382
2023-10-18,11717.93484610618,11641.411,41,1382
2023-10-19,10459.308490148636,10506.011,41,1382
2023-10-20,10422.36781610134,10478.089,41,1382
2023-10-21,10241.618474316065,10301.011,41,1382
2023-10-22,9997.198726556013,10113.727,41,1382
2023-10-23,9293.290762982642,9264.04,41,1382
2023-10-24,6514.578274288508,6502.5435,41,1382
2023-10-25,9183.059833388044,9141.613,41,1382
2023-10-26,8374.858219952881,8551.787,41,1382
2023-10-27,7893.607401706648,7826.327,41,1382
2023-10-28,4984.995201149319,4970.7095,41,1382
2023-10-29,9158.591348759895,9199.94,41,1382
2023-10-30,9213.40931849746,9192.091,41,1382
2023-10-31,9381.532384741256,9399.348,41,1382
2023-11-01,9495.346822521136,9505.966,41,1382
2023-11-02,9739.810536449846,9809.363,41,1382
2023-11-03,8978.761463906625,8983.194,41,1382
2023-11-04,5373.094717110431,5409.614,41,1382
2023-11-05,8220.553560779197,8289.914,41,1382
2023-11-06,8839.192788600574,8892.957,41,1382
2023-11-07,7386.000690900379,7440.457,41,1382
2023-11-08,7027.313703914032,7117.5674,41,1382
2023-11-09,6068.179129089433,6168.1753,41,1382
2023-11-10,9917.208177838746,10018.511,41,1382
2023-11-11,10549.5528483431,10487.547,41,1382
2023-11-12,5813.449927567834,5679.3257,41,1382
2023-11-13,48.655581737305965,49.65035,42,1412
2023-11-14,8251.60668218768,8078.175,42,1412
2023-11-15,10489.26506471118,10435.982,42,1412
2023-11-16,9149.338091182335,9185.543,42,1412
2023-11-17,6538.588978955069,6520.7017,42,1412
2023-11-18,8633.719959854161,8600.773,42,1412
2023-11-19,10264.435186859546,10238.752,42,1412
2023-11-20,9878.198438101792,9897.331,42,1412
2023-11-21,9050.47107822387,9027.821,42,1412
2023-11-22,8270.50008921516,8281.449,42,1412
2023-11-23,9118.05972083287,9128.018,42,1412
2023-11-24,7684.79774018977,7642.154,42,1412
2023-11-25,1905.0978820317976,1874.2262,42,1412
2023-11-26,6384.834784825165,6364.9443,42,1412
2023-11-27,6374.885452021789,6430.956,42,1412
2023-11-28,10019.53161678,9999.147,42,1412
2023-11-29,9597.653412529937,9554.324,42,1412
2023-11-30,9622.470575693224,9564.51,42,1412
2023-12-01,9397.908122824098,9402.508,42,1412
2023-12-02,9314.013329779946,9337.118,42,1412
2023-12-03,8980.118951212062,8948.663,42,1412
2023-12-04,9106.348894557654,9177.175,42,1412
2023-12-05,9634.638400340333,9603.824,42,1412
2023-12-06,9386.351824461515,9359.605,42,1412
2023-12-07,9184.12803044516,9179.646,42,1412
2023-12-08,8395.123503107556,8556.273,42,1412
2023-12-09,8177.43775902562,8222.164,42,1412
2023-12-10,9404.148874614895,9384.582,42,1412
2023-12-11,7157.370125600588,7157.354,42,1412
2023-12-12,4434.282141922069,4433.462,42,1412
2023-12-13,1911.9708589768336,1910.4019,43,1442
2023-12-14,5188.665225855696,5190.984,43,1442
2023-12-15,8740.961828123436,8710.173,43,1442
2023-12-16,9018.255817064111,8961.37,43,1442
2023-12-17,9004.882228825472,8846.877,43,1442
2023-12-18,4933.211320179681,4869.007,43,1442
2023-12-19,1657.004636280234,1701.7471,43,1442
2023-12-20,10.272510632369489,29.084576,43,1442
2023-12-21,2576.9685912807936,2678.6592,43,1442
2023-12-22,5721.33567935869,5619.6733,43,1442
2023-12-23,9040.8925184802,9042.915,43,1442
2023-12-24,8944.719059642339,8966.808,43,1442
2023-12-25,9512.625769540056,9453.452,43,1442
2023-12-26,7006.075323984704,6907.927,43,1442
2023-12-27,63.0016263794169,86.663475,43,1442
2023-12-28,2974.899658810667,2923.6748,43,1442
2023-12-29,7757.716942366186,7700.2695,43,1442
2023-12-30,9334.523967772033,9315.428,43,1442
2023-12-31,9839.98659712375,9807.878,43,1442
2025-01-01,7997.868317326634,8020.2236,44,1461
2025-01-02,7779.343360265307,7751.4116,44,1461
2025-01-03,9354.229608400465,9319.876,44,1461
2025-01-04,9205.737283725086,9097.676,44,1461
2025-01-05,9418.667437175374,9420.151,44,1461
2025-01-06,9331.778695133444,9405.827,45,1466
2025-01-07,9567.041521621288,9616.162,45,1466
2025-01-08,9374.937395938576,9415.557,45,1466
2025-01-09,8908.185068773728,9053.117,45,1466
2025-01-10,5533.383040328749,5415.6743,45,1466
2025-01-11,10007.554529315044,10006.732,45,1466
2025-01-12,10131.278482578884,10120.719,45,1466
2025-01-13,9494.843440156475,9541.917,45,1466
2025-01-14,10059.23028825398,10075.3,45,1466
2025-01-15,9957.463349446843,9964.819,45,1466
2025-01-16,10141.125814444633,10113.949,45,1466
2025-01-17,9788.461609938597,9785.489,45,1466
2025-01-18,9837.456182444534,9847.014,45,1466
2025-01-19,10386.004546060964,10363.831,45,1466
2025-01-20,10026.170980708404,9966.515,45,1466
2025-01-21,10010.201456796614,9978.238,45,1466
2025-01-22,9878.651901774703,9892.353,45,1466
2025-01-23,10314.548986294109,10301.97,45,1466
2025-01-24,10593.133411030018,10555.377,45,1466
2025-01-25,10590.532130056588,10553.805,45,1466
2025-01-26,11093.189183919789,11089.754,45,1466
2025-01-27,6546.297463538274,6464.521,45,1466
2025-01-28,7394.63914062888,7378.836,45,1466
2025-01-29,10683.989187636076,10640.792,45,1466
2025-01-30,8635.08898170701,8594.051,45,1466
2025-01-31,10851.207245687006,10837.961,45,1466
2025-02-01,10667.951623740511,10682.676,45,1466
2025-02-02,10532.298825259588,10566.201,45,1466
2025-02-03,10478.90952391456,10483.532,45,1466
2025-02-04,9472.341189431309,9541.532,45,1466
2025-02-05,11139.509203081194,11157.687,46,1496
2025-02-06,10173.257495425927,10158.235,46,1496
2025-02-07,9230.34187541596,9140.279,46,1496
2025-02-08,5430.636829009621,5523.697,46,1496
2025-02-09,10331.83014226592,10332.604,46,1496
2025-02-10,8608.683598226427,8469.932,46,1496
2025-02-11,9973.17507145312,9950.458,46,1496
2025-02-12,11418.239197751656,11345.216,46,1496
2025-02-13,11162.594267046488,11217.835,46,1496
2025-02-14,11682.790811313876,11659.954,46,1496
2025-02-15,9139.144379551535,9217.316,46,1496
2025-02-16,11403.428562815669,11421.3125,46,1496
2025-02-17,10984.479954548378,10865.821,46,1496
2025-02-18,6244.255574236707,6235.5625,46,1496
2025-02-19,6822.637829561611,6829.0947,46,1496
2025-02-20,10983.474151647792,10973.048,46,1496
2025-02-21,3758.016871996164,3724.664,46,1496
2025-02-22,10760.2000541395,10795.4795,46,1496
2025-02-23,8566.991346709772,8580.947,46,1496
2025-02-24,2408.76213406976,2339.3855,46,1496
2025-02-25,81.12380144750183,50.458595,46,1496
2025-02-26,1279.5146877095012,1220.9526,46,1496
2025-02-27,531.0004051756489,548.13934,46,1496
2025-02-28,3069.1315840740367,3144.7224,46,1496
2025-03-01,10053.655243221036,10090.566,46,1496
2025-03-02,10589.430035566873,10641.875,46,1496
2025-03-03,10219.252486993391,10202.7295,46,1496
2025-03-04,12527.107435647647,12526.524,46,1496
2025-03-05,12670.940239223277,12635.109,46,1496
2025-03-06,12512.368047749069,12528.557,46,1496
2025-03-07,12394.900188480202,12375.127,47,1526
2025-03-08,11714.29761330764,11701.27,47,1526
2025-03-09,10493.627952100496,10682.042,47,1526
2025-03-10,7938.326747647119,8094.948,47,1526
2025-03-11,11993.298106748318,12077.304,47,1526
2025-03-12,12010.201208295794,12061.579,47,1526
2025-03-13,13184.629845334224,13106.025,47,1526
2025-03-14,9537.088557100917,9639.726,47,1526
2025-03-15,11523.405331045804,11449.707,47,1526
2025-03-16,12610.202127214856,12561.849,47,1526
2025-03-17,11731.34194470248,11762.873,47,1526
2025-03-18,12197.96707007717,12213.952,47,1526
2025-03-19,12285.456004740863,12346.216,47,1526
2025-03-20,12246.751541015014,12194.629,47,1526
2025-03-21,12706.274075999256,12712.752,47,1526
2025-03-22,13137.335117140172,13094.931,47,1526
2025-03-23,12740.75753196049,12706.75,47,1526
2025-03-24,11911.353659387516,11996.59,47,1526
2025-03-25,13228.591197570802,13175.737,47,1526
2025-03-26,13759.404751783146,13695.767,47,1526
2025-03-27,12574.069059113352,12544.097,47,1526
2025-03-28,7307.865379704617,7284.6943,47,1526
2025-03-29,3467.3808955517784,3471.4712,47,1526
2025-03-30,13296.880081768437,13324.436,47,1526
2025-03-31,12329.791723814293,12355.467,47,1526
2025-04-01,12611.249880854622,12593.621,47,1526
2025-04-02,12484.511905100951,12534.459,47,1526
2025-04-03,12810.120300921575,12747.869,47,1526
2025-04-04,12350.437566569117,12326.815,47,1526
2025-04-05,12585.348491731827,12511.35,47,1526
2025-04-06,12532.946623748778,12532.639,48,1556
2025-04-07,13112.484869873208,13083.035,48,1556
2025-04-08,12958.248389996832,12920.862,48,1556
2025-04-09,6860.682159759516,6815.97,48,1556
2025-04-10,13752.172503480457,13714.756,48,1556
2025-04-11,13302.958605795457,13298.092,48,1556
2025-04-12,13416.68302584339,13415.854,48,1556
2025-04-13,13187.103207350465,13183.912,48,1556
2025-04-14,13245.773336645165,13301.161,48,1556
2025-04-15,13287.90843862847,13296.558,48,1556
2025-04-16,12968.951619200176,12982.602,48,1556
2025-04-17,13440.159182476962,13421.421,48,1556
2025-04-18,13543.28091543457,13590.495,48,1556
2025-04-19,12624.334410771837,12613.136,48,1556
2025-04-20,12935.353596927544,12887.49,48,1556
2025-04-21,12617.292874863551,12594.823,48,1556
2025-04-22,12512.262872497886,12480.169,48,1556
2025-04-23,12542.771935879386,12484.345,48,1556
2025-04-24,12094.671431234656,12157.292,48,1556
2025-04-25,13330.677287955485,13348.677,48,1556
2025-04-26,13744.580966564805,13688.712,48,1556
2025-04-27,13982.796571246869,13899.921,48,1556
2025-04-28,12676.949579569162,12682.017,48,1556
2025-04-29,11131.865346235223,11139.109,48,1556
2025-04-30,10327.634594086814,10223.136,48,1556
2025-05-01,13302.488360939078,13295.357,48,1556
2025-05-02,13560.687960255938,13589.049,48,1556
2025-05-03,11149.358518124274,11180.234,48,1556
2025-05-04,10248.712278005058,10281.95,48,1556
2025-05-05,7577.118145565031,7722.6567,48,1556
2025-05-06,6685.098652433702,6801.504,49,1586
2025-05-07,11109.218597263556,11037.778,49,1586
2025-05-08,8170.553772612388,8268.821,49,1586
2025-05-09,10494.16693216318,10475.784,49,1586
2025-05-10,11809.260327483202,11825.344,49,1586
2025-05-11,11632.722970147484,11712.792,49,1586
2025-05-12,13298.789907995204,13229.49,49,1586
2025-05-13,13266.050057041375,13250.129,49,1586
2025-05-14,13527.64420339667,13400.992,49,1586
2025-05-15,13423.70627918026,13372.555,49,1586
2025-05-16,13142.982441397244,13088.586,49,1586
2025-05-17,13236.572295665988,13265.219,49,1586
2025-05-18,13485.775142346924,13320.422,49,1586
2025-05-19,10893.594918561324,10958.976,49,1586
2025-05-20,11732.836964420305,11707.229,49,1586
2025-05-21,13306.129217391806,13328.234,49,1586
2025-05-22,13300.180161595556,13267.921,49,1586
2025-05-23,11667.79042157144,11835.722,49,1586
2025-05-24,12512.26839622244,12593.978,49,1586
2025-05-25,14445.443874831011,14255.296,49,1586
2025-05-26,13645.114210860818,13581.999,49,1586
2025-05-27,12697.881778149196,12603.481,49,1586
2025-05-28,6849.841802856527,6766.554,49,1586
2025-05-29,8632.442111196455,8472.063,49,1586
2025-05-30,12387.003242413624,12339.723,49,1586
2025-05-31,6788.538686704772,6830.651,49,1586
2025-06-01,10014.992362991934,10035.38,49,1586
2025-06-02,7842.316332977759,7748.0454,49,1586
2025-06-03,11247.1733259862,11221.565,49,1586
2025-06-04,11027.003051041624,11001.583,49,1586
2025-06-05,14434.15291146712,14151.188,50,1616
2025-06-06,12312.8543674298,12343.248,50,1616
2025-06-07,13190.83038422997,13211.074,50,1616
2025-06-08,13472.334018031395,13497.548,50,1616
2025-06-09,13528.130063239303,13484.635,50,1616
2025-06-10,13496.446626176714,13496.33,50,1616
2025-06-11,8369.197875933067,8193.109,50,1616
2025-06-12,11828.91999203212,11684.082,50,1616
2025-06-13,7300.4638459397665,7317.2007,50,1616
2025-06-14,9876.822560893974,9740.284,50,1616
2025-06-15,2699.104879468562,2689.6604,50,1616
2025-06-16,164.07073565916522,151.84416,50,1616
2025-06-17,464.8077618519306,490.2828,50,1616
2025-06-18,3705.994979674437,3523.6016,50,1616
2025-06-19,917.8614482457584,948.3713,50,1616
2025-06-20,3532.391656156925,3588.2961,50,1616
2025-06-21,746.3348696542632,723.51074,50,1616
2025-06-22,32.45812984931928,26.052423,50,1616
2025-06-23,548.8628054573682,547.55493,50,1616
2025-06-24,1376.6000911600229,1286.3983,50,1616
2025-06-25,8.794767448216545,17.446966,50,1616
2025-06-26,562.8518190449083,546.4422,50,1616
2025-06-27,13.372856870722076,0.0059482693,50,1616
2025-06-28,913.6304853794531,894.6429,50,1616
2025-06-29,1547.370198830804,1555.8105,50,1616
2025-06-30,188.08421728161665,156.62833,50,1616
2025-07-01,2484.754715530517,2582.7166,50,1616
2025-07-02,947.7743759951344,960.8113,50,1616
2025-07-03,0.0,2.2146378,50,1616
2025-07-04,3.870888961290656,24.820906,50,1616
2025-07-05,280.7625812346697,271.46048,51,1646
2025-07-06,629.4956717829126,679.7127,51,1646
2025-07-07,231.27008858260288,233.73616,51,1646
2025-07-08,7281.2454033773,7422.9287,51,1646
2025-07-09,5901.421514253511,5876.6294,51,1646
2025-07-10,3481.5787552199145,3437.4692,51,1646
2025-07-11,2191.577742595064,2117.4185,51,1646
2025-07-12,1593.0123239887243,1562.792,51,1646
2025-07-13,5506.183539658888,5507.2573,51,1646
2025-07-14,1711.8834633224503,1726.4738,51,1646
2025-07-15,1381.7402177412794,1264.0968,51,1646
2025-07-16,8858.83923829021,8915.29,51,1646
2025-07-17,4841.359202634886,4769.976,51,1646
2025-07-18,137.2231468196301,125.71532,51,1646
2025-07-19,14.389222669890598,15.7383375,51,1646
2025-07-20,1038.738692653996,1030.127,51,1646
2025-07-21,1115.2840238828694,1185.8749,51,1646
2025-07-22,3624.997719799483,3577.4485,51,1646
2025-07-23,2618.2454826327785,2555.6714,51,1646
2025-07-24,5562.379134223428,5560.8696,51,1646
2025-07-25,8668.105877271662,8643.246,51,1646
2025-07-26,2662.3599400585854,2714.1987,51,1646
2025-07-27,57.36426634863926,43.027466,51,1646
2025-07-28,8.641993236312251,20.144995,51,1646
2025-07-29,47.92103070159462,42.173084,51,1646
2025-07-30,371.42984302783776,364.87817,51,1646
2025-07-31,768.5379659857115,741.38275,51,1646
2025-08-01,3701.750871799724,3633.529,51,1646
2025-08-02,2663.1518724509942,2664.4858,51,1646
2025-08-03,3793.274287849125,3871.9797,51,1646
2025-08-04,4195.39955063613,4099.7324,52,1676
2025-08-05,66.68909567185058,68.77998,52,1676
2025-08-06,6988.196549140053,7134.076,52,1676
2025-08-07,7951.559154434807,7985.759,52,1676
2025-08-08,3828.8877373857526,3805.8035,52,1676
2025-08-09,2139.1420406193997,2150.7932,52,1676
2025-08-10,6157.452429620751,6194.191,52,1676
2025-08-11,2196.2471020656444,2158.758,52,1676
2025-08-12,1194.9925550036598,1236.7599,52,1676
2025-08-13,688.760541322276,641.0509,52,1676
2025-08-14,24.96739109114359,35.748344,52,1676
2025-08-15,1516.9735392367202,1506.4689,52,1676
2025-08-16,1607.0427926802247,1733.3109,52,1676
2025-08-17,2685.3337797057147,2576.4382,52,1676
2025-08-18,1689.6095645451285,1738.731,52,1676
2025-08-19,768.097093996367,828.75085,52,1676
2025-08-20,389.8659660060389,387.95953,52,1676
2025-08-21,0.0,4.3235497,52,1676
2025-08-22,32.477445225290936,21.859344,52,1676
2025-08-23,2457.116398344471,2464.4636,52,1676
2025-08-24,2153.039181908287,2154.8394,52,1676
2025-08-25,3771.075258079137,3712.926,52,1676
2025-08-26,4108.295342156212,4181.829,52,1676
2025-08-27,5892.919211350449,5950.0977,52,1676
2025-08-28,2775.2460992609776,2802.9429,52,1676
2025-08-29,1164.7817056491738,1216.468,52,1676
2025-08-30,15.146484212088811,51.89684,52,1676
2025-08-31,3134.3154249706163,3166.4685,52,1676
2025-09-01,6404.05007301579,6361.8623,52,1676
2025-09-02,9634.615404290313,9580.818,52,1676
2025-09-03,8009.118386459675,8017.1978,53,1706
2025-09-04,6894.725974180194,6765.3066,53,1706
2025-09-05,3803.922652134191,3731.58,53,1706
2025-09-06,1117.1539775040562,1116.1074,53,1706
2025-09-07,0.0,2.8228767,53,1706
2025-09-08,1.7582346916873728,8.829121,53,1706
2025-09-09,1330.6859746007756,1253.7523,53,1706
2025-09-10,8456.91259731845,8230.888,53,1706
2025-09-11,9275.611390108852,9258.05,53,1706
2025-09-12,10337.998083222565,10418.4795,53,1706
2025-09-13,9342.710209497074,9333.126,53,1706
2025-09-14,8436.68556359079,8356.546,53,1706
2025-09-15,3854.8007230045946,3852.6216,53,1706
2025-09-16,5522.999702304775,5423.538,53,1706
2025-09-17,5548.95264169687,5578.701,53,1706
2025-09-18,5081.506647669274,5074.5117,53,1706
2025-09-19,8531.84666375283,8585.657,53,1706
2025-09-20,3659.7343201036033,3614.878,53,1706
2025-09-21,6999.255657663583,6901.574,53,1706
2025-09-22,6401.1210550906135,6356.6104,53,1706
2025-09-23,7791.576724726972,7773.269,53,1706
2025-09-24,8262.177344832326,8200.982,53,1706
2025-09-25,11110.76120223249,11080.469,53,1706
2025-09-26,7130.980470238143,7064.1875,53,1706
2025-09-27,7685.36088355699,7717.3467,53,1706
2025-09-28,2426.6427487924434,2452.3171,53,1706
2025-09-29,1015.5803542434838,1023.7848,53,1706
2025-09-30,1223.2089370248689,1214.3018,53,1706
2025-10-01,2436.435804915985,2492.9673,53,1706
2025-10-02,843.6454756457126,907.46954,53,1706
2025-10-03,0.0,0.0,54,1736
2025-10-04,3201.1665465524347,3217.0288,54,1736
2025-10-05,6943.344607116738,6973.23,54,1736
2025-10-06,9054.599138122923,9028.838,54,1736
2025-10-07,10110.653009602114,10157.666,54,1736
2025-10-08,11854.937401085646,11801.974,54,1736
2025-10-09,11228.395575365052,11201.874,54,1736
2025-10-10,9875.379437053916,9931.767,54,1736
2025-10-11,11449.373303899409,11440.164,54,1736
2025-10-12,11614.114648496225,11590.655,54,1736
2025-10-13,11154.669567669169,11212.601,54,1736
2025-10-14,11790.7761537951,11818.5625,54,1736
2025-10-15,11475.155286674702,11516.017,54,1736
2025-10-16,11762.969132790782,11652.114,54,1736
2025-10-17,11259.625402803404,11287.434,54,1736
2025-10-18,11231.160623162226,11262.274,54,1736
2025-10-19,11093.444047437975,11072.257,54,1736
2025-10-20,10929.612797792988,10926.509,54,1736
2025-10-21,11412.714059024182,11379.258,54,1736
2025-10-22,11775.399465839935,11686.277,54,1736
2025-10-23,10621.399877576669,10587.339,54,1736
2025-10-24,12157.274252326515,12086.65,54,1736
2025-10-25,11044.39296554981,11045.369,54,1736
2025-10-26,3287.0952218012203,3235.0312,54,1736
2025-10-27,382.24372849015,384.15134,54,1736
2025-10-28,258.46673436825296,266.52048,54,1736
2025-10-29,1116.0524316060462,1212.5612,54,1736
2025-10-30,164.6355421802848,148.92206,54,1736
2025-10-31,3187.985485459165,3215.6372,54,1736
2025-11-01,805.7214963903016,832.4898,54,1736
2025-11-02,4913.064304437987,4951.1978,55,1766
2025-11-03,8656.163325337355,8672.196,55,1766
2025-11-04,9538.423932049172,9591.116,55,1766
2025-11-05,8184.103928101939,8094.413,55,1766
2025-11-06,10444.921321160862,10475.109,55,1766
2025-11-07,10427.626554755856,10473.796,55,1766
2025-11-08,10182.00124127078,10232.315,55,1766
2025-11-09,8760.296121404846,8621.427,55,1766
2025-11-10,8584.883794937427,8631.836,55,1766
2025-11-11,8173.908684484036,8263.689,55,1766
2025-11-12,9356.758154752986,9438.827,55,1766
2025-11-13,10088.405664339472,10083.314,55,1766
2025-11-14,9667.894941525035,9762.432,55,1766
2025-11-15,10336.985845860934,10315.059,55,1766
2025-11-16,10308.608888458948,10269.423,55,1766
2025-11-17,9957.582961992515,10018.937,55,1766
2025-11-18,9169.0482669062,9315.258,55,1766
2025-11-19,9468.547109044926,9569.754,55,1766
2025-11-20,9425.560828110632,9387.491,55,1766
2025-11-21,10271.34840560304,10206.153,55,1766
2025-11-22,7353.796196322497,7178.946,55,1766
2025-11-23,9072.18442264015,9090.113,55,1766
2025-11-24,10018.21126993319,9987.401,55,1766
2025-11-25,9872.5093166755,9832.294,55,1766
2025-11-26,9205.40181831491,9218.028,55,1766
2025-11-27,9722.23532882517,9677.854,55,1766
2025-11-28,9476.457023498586,9472.389,55,1766
2025-11-29,6519.122600276086,6472.3433,55,1766
2025-11-30,6003.429906267537,6188.9473,55,1766
2025-12-01,8561.85998932762,8594.468,55,1766
2025-12-02,7236.296279789015,7422.682,56,1796
2025-12-03,6784.039152672537,6664.6226,56,1796
2025-12-04,8806.413249954441,8859.021,56,1796
2025-12-05,8397.525798424855,8392.864,56,1796
2025-12-06,2634.3633936561305,2658.0503,56,1796
2025-12-07,8978.14078647528,8899.266,56,1796
2025-12-08,9377.640102431797,9344.46,56,1796
2025-12-09,9387.106965466071,9373.451,56,1796
2025-12-10,9396.07366763848,9375.159,56,1796
2025-12-11,8653.304151582026,8655.694,56,1796
2025-12-12,6400.480355624609,6443.2993,56,1796
2025-12-13,4678.4042393916725,4649.29,56,1796
2025-12-14,4163.887526051281,4181.383,56,1796
2025-12-15,8799.634222325898,8802.8955,56,1796
2025-12-16,8630.797266902024,8642.405,56,1796
2025-12-17,8416.155834287809,8505.203,56,1796
2025-12-18,6231.902647367732,6289.3867,56,1796
2025-12-19,7810.697028891097,7809.2725,56,1796
2025-12-20,7132.893366846814,7246.8657,56,1796
2025-12-21,7596.815199753867,7507.482,56,1796
2025-12-22,9212.904597177116,9161.879,56,1796
2025-12-23,9446.950906510783,9396.932,56,1796
2025-12-24,9378.88129003693,9334.687,56,1796
2025-12-25,2840.414149714618,2868.7007,56,1796
2025-12-26,7774.114896278055,7829.598,56,1796
2025-12-27,8373.90555583018,8233.839,56,1796
2025-12-28,8774.78925040428,8798.155,56,1796
2025-12-29,8538.052735103865,8504.672,56,1796
2025-12-30,6615.662018550765,6631.3887,56,1796
2025-12-31,7006.39673798392,6989.696,56,1796
2026-01-01,9212.483769852552,9181.949,57,1826
2026-01-02,9666.093639499182,9638.383,57,1826
2026-01-03,9041.206859175692,9079.286,57,1826
2026-01-04,9084.045649543856,9075.263,57,1826
2026-01-05,9859.837021830794,9843.835,57,1826
2026-01-06,9736.626404520464,9701.161,57,1826
2026-01-07,9527.309938581782,9534.585,57,1826
2026-01-08,9921.899225616691,9901.187,57,1826
2026-01-09,10205.43002604303,10188.219,57,1826
2026-01-10,9783.16171306002,9776.979,57,1826
2026-01-11,10383.919992300882,10327.946,57,1826
2026-01-12,10177.437359545553,10109.885,57,1826
2026-01-13,10576.225239855165,10475.232,57,1826
2026-01-14,9475.490895606114,9499.854,57,1826
2026-01-15,8139.886932939641,8147.881,57,1826
2026-01-16,6923.611939450885,6802.2715,57,1826
2026-01-17,6929.472697722143,6927.5103,57,1826
2026-01-18,8730.116466111815,8878.634,57,1826
2026-01-19,9228.970528191125,9232.889,57,1826
2026-01-20,9444.41343254345,9462.818,57,1826
2026-01-21,10205.957205458835,10214.003,57,1826
2026-01-22,7947.944342900302,7956.7715,57,1826
2026-01-23,9814.804530870832,9789.642,57,1826
2026-01-24,5226.340483223542,5228.1943,57,1826
2026-01-25,1597.5165896328467,1631.1298,57,1826
2026-01-26,5063.337735372394,5095.3164,57,1826
2026-01-27,10319.185781872471,10308.809,57,1826
2026-01-28,9562.955503567331,9510.229,57,1826
2026-01-29,2092.549446301693,2091.7898,57,1826
2026-01-30,4569.129174835401,4585.7236,57,1826
2026-01-31,10355.239321829364,10347.532,58,1856
2026-02-01,10813.218237958688,10797.865,58,1856
2026-02-02,10634.309460958691,10634.724,58,1856
2026-02-03,9872.418007987711,10003.288,58,1856
2026-02-04,11371.001589047231,11372.566,58,1856
2026-02-05,10548.706522772993,10534.454,58,1856
2026-02-06,9415.37079005298,9401.639,58,1856
2026-02-07,5084.263636065617,5059.9473,58,1856
2026-02-08,10846.488988274365,10834.689,58,1856
2026-02-09,11135.614985276889,11136.35,58,1856
2026-02-10,8836.328422417826,8749.452,58,1856
2026-02-11,10921.977927979877,10935.216,58,1856
2026-02-12,6636.031625649153,6756.917,58,1856
2026-02-13,6657.941728682853,6765.737,58,1856
2026-02-14,11691.94425592425,11656.722,58,1856
2026-02-15,8848.438045799945,8941.969,58,1856
2026-02-16,8869.71309636529,8823.927,58,1856
2026-02-17,10369.077755065804,10384.68,58,1856
2026-02-18,9982.662817499791,10095.986,58,1856
2026-02-19,11353.701494870054,11389.027,58,1856
2026-02-20,12448.116906762843,12404.134,58,1856
2026-02-21,12815.119600354576,12758.434,58,1856
2026-02-22,12730.232338608492,12701.934,58,1856
2026-02-23,10968.24444777349,11043.274,58,1856
2026-02-24,3929.523058397456,3950.1733,58,1856
2026-02-25,8127.246464594704,7987.3804,58,1856
2026-02-26,11015.430536199632,11062.923,58,1856
2026-02-27,12411.042581573378,12421.677,58,1856
2026-02-28,11441.32197267295,11464.354,58,1856
2026-03-01,10310.553502629506,10309.0,58,1856
2026-03-02,9763.37427962008,9771.711,59,1886
2026-03-03,11467.944259627546,11467.002,59,1886
2026-03-04,11237.1414111351,11323.62,59,1886
2026-03-05,11991.02634796508,12012.772,59,1886
2026-03-06,13216.660253525952,13177.559,59,1886
2026-03-07,11989.988736621415,12080.3125,59,1886
2026-03-08,8717.220704834388,8578.299,59,1886
2026-03-09,8513.442732264331,8523.19,59,1886
2026-03-10,12447.451217761742,12410.892,59,1886
2026-03-11,10463.070954916057,10421.968,59,1886
2026-03-12,10953.202993844328,11049.173,59,1886
2026-03-13,12790.873275506903,12737.24,59,1886
2026-03-14,12409.726614843858,12462.658,59,1886
2026-03-15,10799.071161436785,10901.067,59,1886
2026-03-16,12044.638468744271,12097.656,59,1886
2026-03-17,8777.792685286782,8691.661,59,1886
2026-03-18,3773.547271460921,3832.546,59,1886
2026-03-19,2802.923699837574,2899.5579,59,1886
2026-03-20,11178.880689362924,11173.809,59,1886
2026-03-21,5270.176302160032,5330.921,59,1886
2026-03-22,5723.454629307793,5843.02,59,1886
2026-03-23,6324.744788687183,6367.6714,59,1886
2026-03-24,2114.9049033378847,2142.6387,59,1886
2026-03-25,4102.287036925777,4174.763,59,1886
2026-03-26,5773.244117917867,5899.1553,59,1886
2026-03-27,11423.530445898636,11411.242,59,1886
2026-03-28,10020.005660690986,10052.96,59,1886
2026-03-29,1835.0520764132652,1902.4827,59,1886
2026-03-30,9492.691899898631,9547.25,59,1886
2026-03-31,1169.1788073829543,1341.8966,59,1886
2026-04-01,796.8665626831614,832.48047,60,1916
2026-04-02,1026.750532230296,1102.8341,60,1916
2026-04-03,2670.8747843485367,2704.7075,60,1916
2026-04-04,9104.757854243557,9265.86,60,1916
2026-04-05,6395.488518551453,6441.3945,60,1916
2026-04-06,12593.092053087932,12459.11,60,1916
2026-04-07,11465.35507239896,11529.466,60,1916
2026-04-08,14088.128229424694,13983.813,60,1916
2026-04-09,12863.282519558768,12860.158,60,1916
2026-04-10,12569.801562914132,12560.688,60,1916
2026-04-11,13082.454356429054,13062.142,60,1916
2026-04-12,12422.021740417516,12447.561,60,1916
2026-04-13,12149.896114061545,12105.276,60,1916
2026-04-14,12078.131744411896,12054.268,60,1916
2026-04-15,10401.149688897973,10435.992,60,1916
2026-04-16,3120.727284149602,3021.2432,60,1916
2026-04-17,8843.267969050625,8982.945,60,1916
2026-04-18,6147.400844013476,6206.7515,60,1916
2026-04-19,12174.802577876344,12128.264,60,1916
2026-04-20,14266.243205746823,14216.305,60,1916
2026-04-21,11543.2875576528,11396.365,60,1916
2026-04-22,10061.979238099697,10089.555,60,1916
2026-04-23,11224.902853588314,11254.957,60,1916
2026-04-24,9468.334432946567,9532.6,60,1916
2026-04-25,11176.02009866651,11173.654,60,1916
2026-04-26,13257.12069964225,13214.426,60,1916
2026-04-27,12793.468903622748,12841.213,60,1916
2026-04-28,12376.155853376384,12439.538,60,1916
2026-04-29,12967.271430720792,12999.086,60,1916
2026-04-30,12342.154534831045,12390.997,60,1916
2026-05-01,12689.61624773604,12669.507,61,1946
2026-05-02,12528.720464339503,12551.202,61,1946
2026-05-03,12482.930792558484,12500.028,61,1946
2026-05-04,13346.92103828003,13360.169,61,1946
2026-05-05,13740.39832338421,13671.344,61,1946
2026-05-06,12160.007463828886,12097.866,61,1946
2026-05-07,12923.825546437252,12946.946,61,1946
2026-05-08,13174.62922669125,13206.431,61,1946
2026-05-09,13330.5883619017,13367.816,61,1946
2026-05-10,12527.4993620269,12586.53,61,1946
2026-05-11,13631.03540432622,13653.395,61,1946
2026-05-12,12300.144284819404,12322.287,61,1946
2026-05-13,12925.757302684597,12931.949,61,1946
2026-05-14,12902.769554199294,12935.853,61,1946
2026-05-15,11760.020754146832,11715.639,61,1946
2026-05-16,11855.531401283964,11910.101,61,1946
2026-05-17,12233.076459898974,12327.331,61,1946
2026-05-18,11173.998790377653,11184.97,61,1946
2026-05-19,12527.927439314924,12557.584,61,1946
2026-05-20,13854.830642263303,13821.492,61,1946
2026-05-21,13828.48441184336,13786.33,61,1946
2026-05-22,13552.696731020736,13562.5,61,1946
2026-05-23,11409.850370178196,11423.579,61,1946
2026-05-24,12146.806402579898,12198.166,61,1946
2026-05-25,9672.85687072358,9653.081,61,1946
2026-05-26,11699.928694751494,11690.213,61,1946
2026-05-27,12021.886658069328,12102.74,61,1946
2026-05-28,12585.354903166472,12508.713,61,1946
2026-05-29,11350.638101019347,11413.027,61,1946
2026-05-30,9393.519420454812,9476.305,61,1946
2026-05-31,9742.846516222491,9945.234,62,1976
2026-06-01,9989.657204311316,9948.069,62,1976
2026-06-02,10641.458463191204,10589.053,62,1976
2026-06-03,13790.813106086103,13792.692,62,1976
2026-06-04,10760.628421478525,10826.819,62,1976
2026-06-05,9724.0058703564,9647.656,62,1976
2026-06-06,11816.77645561154,11769.26,62,1976
2026-06-07,12424.308665137492,12470.633,62,1976
2026-06-08,11551.16076560861,11554.508,62,1976
2026-06-09,10843.930776041429,10871.313,62,1976
2026-06-10,12465.119566587626,12378.668,62,1976
2026-06-11,13988.390163052329,14108.193,62,1976
2026-06-12,13671.34033682527,13737.583,62,1976
2026-06-13,10119.421520059012,10152.401,62,1976
2026-06-14,7155.712892750542,7144.224,62,1976
2026-06-15,5827.539882272196,5759.9946,62,1976
2026-06-16,7043.07974139908,7087.214,62,1976
2026-06-17,10420.533578295932,10403.114,62,1976
2026-06-18,8659.196868518082,8659.831,62,1976
2026-06-19,9217.842022477422,9217.652,62,1976
2026-06-20,9879.423396582122,9842.145,62,1976
2026-06-21,8611.408507551443,8582.312,62,1976
2026-06-22,9440.931809263127,9436.813,62,1976
2026-06-23,8789.792281414231,8748.053,62,1976
2026-06-24,7589.384816193615,7682.719,62,1976
2026-06-25,7691.134734174782,7785.39,62,1976
2026-06-26,8737.139759175361,8660.022,62,1976
2026-06-27,10373.241511824706,10242.849,62,1976
2026-06-28,9714.684963579386,9786.397,62,1976
2026-06-29,8222.948084930498,8179.509,62,1976
2026-06-30,9485.457029172569,9526.835,63,2006
2026-07-01,7384.225553847831,7461.4707,63,2006
2026-07-02,8005.677974840923,7931.045,63,2006
2026-07-03,8653.197390041589,8611.178,63,2006
2026-07-04,2724.262795687824,2756.3638,63,2006
2026-07-05,1512.8579003003251,1536.0967,63,2006
2026-07-06,5460.329312459614,5403.192,63,2006
2026-07-07,256.4447946847635,249.03093,63,2006
2026-07-08,6958.970140305848,6904.5566,63,2006
2026-07-09,6999.869504986992,7032.553,63,2006
2026-07-10,2824.426646028998,2834.988,63,2006
2026-07-11,5101.470822697776,5067.167,63,2006
2026-07-12,7136.342177599242,7128.9805,63,2006
2026-07-13,5755.365090154059,5585.689,63,2006
2026-07-14,3921.393231639536,3952.8323,63,2006
2026-07-15,3461.0036831619805,3481.4492,63,2006
2026-07-16,11058.724341496298,11000.742,63,2006
2026-07-17,7783.292855866668,7736.8936,63,2006
2026-07-18,4650.950132060872,4790.479,63,2006
2026-07-19,3228.6529505987405,3142.07,63,2006
2026-07-20,1420.3478119063209,1369.45,63,2006
2026-07-21,1086.9044608239071,1054.0767,63,2006
