feature,importance
cloud_cover_pct,0.61372817
cloud_cover_high_pct,0.1985312
dni_kwh_m2_day,0.0993978
clearness_index,0.013206824
direct_radiation_kwh_m2_day,0.012544978
ghi_kwh_m2_day,0.008694059
is_monsoon,0.0065296316
month,0.0050465623
cloud_cover_mid_pct,0.0049374313
h_median_7d,0.0037927725
temperature_max_c,0.0035061778
h_max_7d,0.003320509
cloud_cover_low_pct,0.0032875307
diffuse_fraction,0.0026746949
direct_fraction,0.002324052
h_mean_7d,0.0022928866
day_of_year,0.0022156776
temperature_c,0.0021552695
dhi_kwh_m2_day,0.0019686092
rainfall_mm,0.0019657395
temperature_min_c,0.0019120651
wind_speed_ms,0.0018980576
humidity_pct,0.0016098797
h_mean_30d,0.0010541172
week_of_year,0.000991458
is_weekend,0.0004137372
visibility_km,0.0
