date,actual_solar_generation_mw,predicted_solar_generation_mw,p10_mw,p50_mw,p90_mw,predicted_daily_energy_mwh
2025-10-08,17762.44610601746,18617.318,17710.472944084806,18617.318,19332.09763784469,107980.45
2025-10-09,18040.76926162461,18633.6,17726.754194084806,18633.6,19348.37888784469,108074.88
2025-10-10,18575.64491664513,18731.32,17824.474897209806,18731.32,19446.09959096969,108641.66
2025-10-11,18563.04000668716,18664.91,17758.064740959806,18664.91,19379.68943471969,108256.48
2025-10-12,18523.92552563735,18594.004,17687.158490959806,18594.004,19308.78318471969,107845.23
2025-10-13,18753.06975803429,18675.014,17768.168256584806,18675.014,19389.79295034469,108315.09
2025-10-14,18362.797269164614,18614.016,17707.170209709806,18614.016,19328.79490346969,107961.3
2025-10-15,18415.89209542181,18618.88,17712.035444084806,18618.88,19333.66013784469,107989.52
2025-10-16,18441.94427395168,18496.408,17589.562787834806,18496.408,19211.18748159469,107279.17
2025-10-17,18853.308658825677,18597.611,17690.765912834806,18597.611,19312.39060659469,107866.15
2025-10-18,18785.43246076485,18622.975,17716.129194084806,18622.975,19337.75388784469,108013.26
2025-10-19,18938.87397501209,18658.125,17751.279584709806,18658.125,19372.90427846969,108217.12
2025-10-20,19008.282082517297,18634.578,17727.732709709806,18634.578,19349.35740346969,108080.55
2025-10-21,18993.022014911166,18594.756,17687.910444084806,18594.756,19309.53513784469,107849.59
2025-10-22,18817.949915682308,18635.38,17728.535444084806,18635.38,19350.16013784469,108085.21
2025-10-23,18190.04985245573,18683.416,17776.570600334806,18683.416,19398.19529409469,108363.82
2025-10-24,18759.594865314488,18631.148,17724.303022209806,18631.148,19345.92771596969,108060.66
2025-10-25,18816.120624758536,18672.705,17765.859662834806,18672.705,19387.48435659469,108301.7
2025-10-26,10738.77695086238,11005.79,10098.944623772304,11005.79,11720.56931753219,63833.58
2025-10-27,1375.007203962789,1698.9221,792.0767038504295,1698.9221,2413.701397610315,9853.75
2025-10-28,847.7750014398849,1300.0096,393.16422826449195,1300.0096,2014.7889220243774,7540.06
2025-10-29,3749.033336761133,3997.7039,3090.8584421316796,3997.7039,4712.483135891564,23186.68
2025-10-30,571.0557872884738,730.49756,0.0,730.49756,1445.2768370634399,4236.89
2025-10-31,11234.909487561028,11718.079,10811.233686272304,11718.079,12432.85838003219,67964.86
2025-11-01,2947.096252150528,3481.2546,2574.4092233816796,3481.2546,4196.033917141564,20191.28
2025-11-02,17158.093009689626,17889.082,16982.236615959806,17889.082,18603.86130971969,103756.68
2025-11-03,19534.307943972297,19080.861,18174.015912834806,19080.861,19795.64060659469,110669.0
2025-11-04,18733.301632514067,19013.79,18106.943647209806,19013.79,19728.56834096969,110279.98
2025-11-05,18728.50272555744,18897.018,17990.172162834806,18897.018,19611.79685659469,109602.7
2025-11-06,18959.445622143598,18865.86,17959.013959709806,18865.86,19580.63865346969,109421.98
2025-11-07,19008.66110460418,18899.857,17993.012006584806,18899.857,19614.63670034469,109619.18
2025-11-08,19179.51644977088,19017.678,18110.832319084806,19017.678,19732.45701284469,110302.53
2025-11-09,19771.41825313717,18982.104,18075.258100334806,18982.104,19696.88279409469,110096.2
2025-11-10,18947.820687175845,19024.107,18117.262006584806,19024.107,19738.88670034469,110339.83
2025-11-11,18569.98002496431,18914.947,18008.101850334806,18914.947,19629.72654409469,109706.7
2025-11-12,19587.081032021644,18916.506,18009.660444084806,18916.506,19631.28513784469,109715.73
2025-11-13,18917.08451102672,18991.445,18084.599897209806,18991.445,19706.22459096969,110150.38
2025-11-14,18257.698507296634,19035.896,18129.051069084806,19035.896,19750.67576284469,110408.2
2025-11-15,18986.91561199943,18937.342,18030.496381584806,18937.342,19652.12107534469,109836.59
2025-11-16,18834.03392365181,19069.68,18162.834272209806,19069.68,19784.45896596969,110604.15
2025-11-17,19909.000768835507,19036.266,18129.420209709806,19036.266,19751.04490346969,110410.34
2025-11-18,19075.261270620085,19097.336,18190.490522209806,19097.336,19812.11521596969,110764.55
2025-11-19,19187.67221677535,18950.26,18043.414350334806,18950.26,19665.03904409469,109911.51
2025-11-20,19106.61667285787,19020.826,18113.980756584806,19020.826,19735.60545034469,110320.8
2025-11-21,19582.44184503198,18953.936,18047.090131584806,18953.936,19668.71482534469,109932.83
2025-11-22,18733.38051458943,19135.322,18228.476850334806,19135.322,19850.10154409469,110984.88
2025-11-23,18477.78248097848,18901.463,17994.617475334806,18901.463,19616.24216909469,109628.49
2025-11-24,19333.178516449872,19170.928,18264.082319084806,19170.928,19885.70701284469,111191.38
2025-11-25,19655.94229290018,19247.426,18340.580365959806,19247.426,19962.20505971969,111635.07
2025-11-26,19426.33888950324,19158.217,18251.371381584806,19158.217,19872.99607534469,111117.66
2025-11-27,18742.792596383264,19244.42,18337.574506584806,19244.42,19959.19920034469,111617.64
2025-11-28,19681.45389576445,19537.95,18631.103803459806,19537.95,20252.72849721969,113320.11
2025-11-29,18754.808394520536,19389.365,18482.519819084806,19389.365,20104.14451284469,112458.32
2025-11-30,19510.36096749561,18766.008,17859.162397209806,18766.008,19480.78709096969,108842.85
2025-12-01,19112.18821090295,18846.613,17939.767865959806,18846.613,19561.39255971969,109310.36
2025-12-02,19343.135741236347,18988.977,18082.131147209806,18988.977,19703.75584096969,110136.07
2025-12-03,20000.0,19393.893,18487.047162834806,19393.893,20108.67185659469,112484.58
2025-12-04,20000.0,19196.941,18290.095990959806,19196.941,19911.72068471969,111342.27
2025-12-05,20000.0,19239.23,18332.385053459806,19239.23,19954.00974721969,111587.54
2025-12-06,9599.38702140308,9771.4,8864.554975334804,9771.4,10486.17966909469,56674.12
2025-12-07,18563.036740129606,18987.76,18080.914350334806,18987.76,19702.53904409469,110129.01
2025-12-08,19134.613171107398,19101.477,18194.631147209806,19101.477,19816.25584096969,110788.57
2025-12-09,19016.936890094203,18819.357,17912.512006584806,18819.357,19534.13670034469,109152.27
2025-12-10,18673.30653997649,18835.322,17928.476850334806,18835.322,19550.10154409469,109244.88
2025-12-11,18224.7650221344,18702.486,17795.640912834806,18702.486,19417.26560659469,108474.42
2025-12-12,19112.944819383072,18547.957,17641.111615959806,18547.957,19262.73630971969,107578.16
2025-12-13,14670.238056502352,16236.853,15330.007123772304,16236.853,16951.63181753219,94173.75
2025-12-14,13670.408586272655,15302.736,14395.890912834804,15302.736,16017.51560659469,88755.88
2025-12-15,20000.0,19534.307,18627.461225334806,19534.307,20249.08591909469,113298.98
2025-12-16,20000.0,19504.86,18598.013959709806,19504.86,20219.63865346969,113128.19
2025-12-17,20000.0,19157.0,18250.154584709806,19157.0,19871.77927846969,111110.6
2025-12-18,20000.0,19036.643,18129.797162834806,19036.643,19751.42185659469,110412.53
2025-12-19,19451.48096479812,19145.46,18238.615522209806,19145.46,19860.24021596969,111043.68
2025-12-20,20000.0,19028.43,18121.584272209806,19028.43,19743.20896596969,110364.9
2025-12-21,19451.75108484349,18870.209,17963.363569084806,18870.209,19584.98826284469,109447.22
2025-12-22,18331.219717845383,19021.002,18114.156537834806,19021.002,19735.78123159469,110321.81
2025-12-23,19075.99821770392,19610.383,18703.537397209806,19610.383,20325.16209096969,113740.23
2025-12-24,18455.10856684644,19314.379,18407.533490959806,19314.379,20029.15818471969,112023.4
2025-12-25,9323.275070902184,9492.754,8585.908490959804,9492.754,10207.53318471969,55057.98
2025-12-26,19115.005153567803,19197.389,18290.543256584806,19197.389,19912.16795034469,111344.86
2025-12-27,18950.831673848872,19225.07,18318.224897209806,19225.07,19939.84959096969,111505.41
2025-12-28,20000.0,19354.164,18447.318647209806,19354.164,20068.94334096969,112254.16
2025-12-29,19318.331029013203,19161.701,18254.855756584806,19161.701,19876.48045034469,111137.87
2025-12-30,20000.0,18470.49,17563.644819084806,18470.49,19185.26951284469,107128.84
2025-12-31,19628.27390351188,18470.836,17563.990522209806,18470.836,19185.61521596969,107130.85
2026-01-01,19477.976999924016,19599.025,18692.179975334806,19599.025,20313.80466909469,113674.35
2026-01-02,20000.0,19465.41,18558.564740959806,19465.41,20180.18943471969,112899.38
2026-01-03,19933.97307071217,19330.646,18423.801069084806,19330.646,20045.42576284469,112117.75
2026-01-04,18596.170198629035,19318.576,18411.730756584806,19318.576,20033.35545034469,112047.74
2026-01-05,19614.76814149542,19140.531,18233.685834709806,19140.531,19855.31052846969,111015.09
2026-01-06,19871.100831995027,19535.941,18629.095990959806,19535.941,20250.72068471969,113308.46
2026-01-07,19787.518600348405,19591.447,18684.601850334806,19591.447,20306.22654409469,113630.4
2026-01-08,19446.19308534695,19599.502,18692.656537834806,19599.502,20314.28123159469,113677.12
2026-01-09,19531.031402735047,19567.508,18660.662397209806,19567.508,20282.28709096969,113491.55
2026-01-10,19731.09973203429,19580.604,18673.758100334806,19580.604,20295.38279409469,113567.51
2026-01-11,19888.733970041536,19590.758,18683.912397209806,19590.758,20305.53709096969,113626.4
2026-01-12,19915.580543228352,19516.855,18610.010053459806,19516.855,20231.63474721969,113197.77
2026-01-13,20000.0,19502.715,18595.869428459806,19502.715,20217.49412221969,113115.75
2026-01-14,19935.96391914872,19271.676,18364.830365959806,19271.676,19986.45505971969,111775.73
2026-01-15,19362.694500281377,19155.143,18248.297162834806,19155.143,19869.92185659469,111099.83
2026-01-16,20000.0,19255.857,18349.012006584806,19255.857,19970.63670034469,111683.98
2026-01-17,20000.0,18789.684,17882.838178459806,18789.684,19504.46287221969,108980.17
2026-01-18,19444.92432591693,19399.975,18493.129194084806,19399.975,20114.75388784469,112519.86
2026-01-19,19956.63793584497,19179.393,18272.547162834806,19179.393,19894.17185659469,111240.48
2026-01-20,19975.83463458391,19196.357,18289.512006584806,19196.357,19911.13670034469,111338.88
2026-01-21,20000.0,19280.533,18373.687787834806,19280.533,19995.31248159469,111827.09
2026-01-22,20000.0,19459.646,18552.801069084806,19459.646,20174.42576284469,112865.95
2026-01-23,19197.90894636777,19659.03,18752.183881584806,19659.03,20373.80857534469,114022.38
2026-01-24,16687.662478210306,17119.89,16213.045209709804,17119.89,17834.66990346969,99295.37
2026-01-25,5144.3474007061095,5526.0283,4619.182905022304,5526.0283,6240.807598782189,32050.96
2026-01-26,16317.635962881055,17176.49,16269.644819084804,17176.49,17891.26951284469,99623.65
2026-01-27,19013.213664027888,19511.88,18605.035444084806,19511.88,20226.66013784469,113168.91
2026-01-28,18215.929194361142,19567.105,18660.260053459806,19567.105,20281.88474721969,113489.22
2026-01-29,7040.238921633752,6989.32,6082.474408928554,6989.32,7704.099102688439,40538.06
2026-01-30,15047.830916252477,16380.837,15473.991498772304,16380.837,17095.61619253219,95008.86
2026-01-31,19674.516557125156,19298.215,18391.369428459806,19298.215,20012.99412221969,111929.65
2026-02-01,19076.814233978443,19293.17,18386.324506584806,19293.17,20007.94920034469,111900.39
2026-02-02,18413.19309200495,19428.21,18521.365522209806,19428.21,20142.99021596969,112683.62
2026-02-03,19672.74882287492,19389.53,18482.683881584806,19389.53,20104.30857534469,112459.27
2026-02-04,19661.633275129298,19390.322,18483.476850334806,19390.322,20105.10154409469,112463.88
2026-02-05,19708.534394261736,19230.326,18323.480756584806,19230.326,19945.10545034469,111535.9
2026-02-06,20000.0,19238.467,18331.621381584806,19238.467,19953.24607534469,111583.11
2026-02-07,16691.085740466555,17051.836,16144.990522209804,17051.836,17766.61521596969,98900.65
2026-02-08,19100.146930369945,18827.246,17920.400678459806,18827.246,19542.02537221969,109198.03
2026-02-09,18610.97676961453,19498.021,18591.176069084806,19498.021,20212.80076284469,113088.53
2026-02-10,18452.332485438383,19112.578,18205.732709709806,19112.578,19827.35740346969,110852.95
2026-02-11,19876.375440018397,19267.363,18360.517865959806,19267.363,19982.14255971969,111750.71
2026-02-12,18329.646428960787,19237.172,18330.326459709806,19237.172,19951.95115346969,111575.6
2026-02-13,18600.072324257133,19151.355,18244.510053459806,19151.355,19866.13474721969,111077.87
2026-02-14,19080.61449100148,18809.383,17902.537397209806,18809.383,19524.16209096969,109094.42
2026-02-15,19456.62816842669,19186.986,18280.140912834806,19186.986,19901.76560659469,111284.52
2026-02-16,19024.32705348861,19162.215,18255.369428459806,19162.215,19876.99412221969,111140.85
2026-02-17,19050.17817141165,19069.904,18163.058881584806,19069.904,19784.68357534469,110605.45
2026-02-18,19815.084289787526,18896.514,17989.668256584806,18896.514,19611.29295034469,109599.78
2026-02-19,18720.93849905002,19028.0,18121.154584709806,19028.0,19742.77927846969,110362.41
2026-02-20,18297.32278451879,19045.03,18138.183881584806,19045.03,19759.80857534469,110461.17
2026-02-21,19096.009986571367,18890.555,17983.709272209806,18890.555,19605.33396596969,109565.22
2026-02-22,19196.493091799177,19047.291,18140.445600334806,19047.291,19762.07029409469,110474.29
2026-02-23,18369.436727552857,18761.07,17854.224897209806,18761.07,19475.84959096969,108814.21
2026-02-24,11327.33701894322,13267.126,12360.280561272304,13267.126,13981.90525503219,76949.34
2026-02-25,18185.963007695427,18513.803,17606.957319084806,18513.803,19228.58201284469,107380.06
2026-02-26,18857.524019113866,19011.164,18104.318647209806,19011.164,19725.94334096969,110264.76
2026-02-27,19416.28261552301,18902.967,17996.121381584806,18902.967,19617.74607534469,109637.21
2026-02-28,18919.431994735314,18978.414,18071.568647209806,18978.414,19693.19334096969,110074.8
2026-03-01,18864.738827107296,18851.746,17944.900678459806,18851.746,19566.52537221969,109340.13
2026-03-02,18981.912392691705,18736.629,17829.783490959806,18736.629,19451.40818471969,108672.45
2026-03-03,16914.80173531526,18174.809,17267.963178459806,18174.809,18889.58787221969,105413.89
2026-03-04,18998.870445095992,17966.686,17059.840131584806,17966.686,18681.46482534469,104206.78
2026-03-05,17385.839104831768,18571.746,17664.900678459806,18571.746,19286.52537221969,107716.13
2026-03-06,18632.35161252724,18566.928,17660.082319084806,18566.928,19281.70701284469,107688.19
2026-03-07,18276.2117137886,18453.89,17547.045209709806,18453.89,19168.66990346969,107032.57
2026-03-08,18259.040799845134,18000.146,17093.301069084806,18000.146,18714.92576284469,104400.85
2026-03-09,17922.32813153173,18614.045,17707.199506584806,18614.045,19328.82420034469,107961.46
2026-03-10,16156.303539371702,17680.518,16773.672162834806,17680.518,18395.29685659469,102547.01
2026-03-11,17064.82615435654,17950.287,17043.441694084806,17950.287,18665.06638784469,104111.67
2026-03-12,17483.856758959686,18220.936,17314.090131584806,18220.936,18935.71482534469,105681.43
2026-03-13,17220.719125958756,18294.006,17387.160444084806,18294.006,19008.78513784469,106105.23
2026-03-14,17629.688822950025,18096.877,17190.031537834806,18096.877,18811.65623159469,104961.89
2026-03-15,19214.36067288868,18171.846,17265.000287834806,18171.846,18886.62498159469,105396.71
2026-03-16,19171.55277822833,18312.453,17405.607709709806,18312.453,19027.23240346969,106212.23
2026-03-17,18483.86787904765,18523.027,17616.181928459806,18523.027,19237.80662221969,107433.56
2026-03-18,12916.876470825073,13675.25,12768.404584709804,13675.25,14390.02927846969,79316.46
2026-03-19,9730.84076530626,10037.531,9130.685834709804,10037.531,10752.31052846969,58217.68
2026-03-20,18152.90001161433,18589.58,17682.734662834806,18589.58,19304.35935659469,107819.57
2026-03-21,16876.636048479257,16893.36,15986.513959709804,16893.36,17608.13865346969,97981.48
2026-03-22,18306.201096825287,17675.01,16768.164350334806,17675.01,18389.78904409469,102515.06
2026-03-23,18448.033486765165,18350.986,17444.140912834806,18350.986,19065.76560659469,106435.73
2026-03-24,6875.806335135058,7974.6665,7067.821088616054,7974.6665,8689.44578237594,46253.06
2026-03-25,11386.922344429157,14362.93,13456.084272209804,14362.93,15077.70896596969,83304.99
2026-03-26,16864.768432585865,18345.543,17438.697553459806,18345.543,19060.32224721969,106404.16
2026-03-27,18406.921184457155,18437.328,17530.482709709806,18437.328,19152.10740346969,106936.51
2026-03-28,17291.41727462027,18871.256,17964.410444084806,18871.256,19586.03513784469,109453.29
2026-03-29,6032.199947729551,6960.174,6053.328412834804,6960.174,7674.953106594689,40369.01
2026-03-30,19611.099280860464,18538.027,17631.181928459806,18538.027,19252.80662221969,107520.56
2026-03-31,4508.7925885174745,4882.9233,3976.0779245535546,4882.9233,5597.702618313439,28320.96
2026-04-01,2938.752514787978,2756.8516,1850.0061472098046,2756.8516,3471.63084096969,15989.74
2026-04-02,3520.180458630287,3687.8625,2781.0171335379296,3687.8625,4402.641827297814,21389.6
2026-04-03,9584.246411138492,9914.906,9008.060834709804,9914.906,10629.68552846969,57506.46
2026-04-04,18387.573734961574,18298.205,17391.359662834806,18298.205,19012.98435659469,106129.59
2026-04-05,18584.60275586253,18414.68,17507.834272209806,18414.68,19129.45896596969,106805.15
2026-04-06,19533.84740633656,18875.793,17968.947553459806,18875.793,19590.57224721969,109479.6
2026-04-07,18852.159402064503,18832.318,17925.472944084806,18832.318,19547.09763784469,109227.45
2026-04-08,16886.527803171113,18422.732,17515.887006584806,18422.732,19137.51170034469,106851.85
2026-04-09,17507.592326611568,17648.174,16741.328412834806,17648.174,18362.95310659469,102359.41
2026-04-10,17531.441385978935,17438.436,16531.590131584806,17438.436,18153.21482534469,101142.93
2026-04-11,17934.564975766654,17993.826,17086.980756584806,17993.826,18708.60545034469,104364.2
2026-04-12,16439.83738820228,17476.965,16570.119428459806,17476.965,18191.74412221969,101366.4
2026-04-13,17607.508685219032,18123.78,17216.933881584806,18123.78,18838.55857534469,105117.92
2026-04-14,19223.1306937258,18070.295,17163.449506584806,18070.295,18785.07420034469,104807.71
2026-04-15,19997.03910720886,18226.68,17319.834272209806,18226.68,18941.45896596969,105714.74
2026-04-16,10818.729730786969,10574.272,9667.427045647304,10574.272,11289.05173940719,61330.78
2026-04-17,18052.867599958267,18289.35,17382.504194084806,18289.35,19004.12888784469,106078.23
2026-04-18,18126.08605804769,17887.3,16980.455365959806,17887.3,18602.08005971969,103746.35
2026-04-19,17864.237820736464,18108.72,17201.875287834806,18108.72,18823.49998159469,105030.59
2026-04-20,17482.285666735675,18004.371,17097.525678459806,18004.371,18719.15037221969,104425.36
2026-04-21,16316.23543710262,18175.82,17268.974897209806,18175.82,18890.59959096969,105419.76
2026-04-22,17686.678656294254,18462.604,17555.758100334806,18462.604,19177.38279409469,107083.1
2026-04-23,17909.175481646096,18186.916,17280.070600334806,18186.916,18901.69529409469,105484.12
2026-04-24,17296.277473544436,18387.836,17480.990522209806,18387.836,19102.61521596969,106649.45
2026-04-25,18359.67622372479,18304.455,17397.609662834806,18304.455,19019.23435659469,106165.84
2026-04-26,17192.26392333134,17832.62,16925.773725334806,17832.62,18547.39841909469,103429.2
2026-04-27,17932.10888865756,17841.064,16934.219037834806,17841.064,18555.84373159469,103478.18
2026-04-28,17341.726065092702,18033.65,17126.804975334806,18033.65,18748.42966909469,104595.17
2026-04-29,19173.68008963247,17962.217,17055.371381584806,17962.217,18676.99607534469,104180.86
2026-04-30,18773.9377101454,17890.0,16983.154584709806,17890.0,18604.77927846969,103762.0
2026-05-01,19292.12049341273,17613.004,16706.158490959806,17613.004,18327.78318471969,102155.43
2026-05-02,18422.01431727871,17493.576,16586.730756584806,17493.576,18208.35545034469,101462.74
2026-05-03,18581.49393132229,17896.34,16989.494428459806,17896.34,18611.11912221969,103798.77
2026-05-04,18189.08678143586,18014.39,17107.545209709806,18014.39,18729.16990346969,104483.47
2026-05-05,17702.39831619116,17982.059,17075.213178459806,17982.059,18696.83787221969,104295.95
2026-05-06,17424.286181831198,18402.938,17496.092084709806,18402.938,19117.71677846969,106737.04
2026-05-07,18953.872535274164,18256.348,17349.502240959806,18256.348,18971.12693471969,105886.82
2026-05-08,17340.159731642598,18475.393,17568.547162834806,18475.393,19190.17185659469,107157.28
2026-05-09,17582.39617897457,18471.38,17564.535444084806,18471.38,19186.16013784469,107134.02
2026-05-10,17979.68634643389,18259.242,17352.396772209806,18259.242,18974.02146596969,105903.61
2026-05-11,17840.5074487677,18396.605,17489.760053459806,18396.605,19111.38474721969,106700.31
2026-05-12,17024.127390247333,17800.057,16893.211225334806,17800.057,18514.83591909469,103240.33
2026-05-13,15729.639557974508,17656.5,16749.654584709806,17656.5,18371.27927846969,102407.7
2026-05-14,19024.477938141357,17952.662,17045.816694084806,17952.662,18667.44138784469,104125.45
2026-05-15,17459.846428549827,18528.535,17621.689740959806,18528.535,19243.31443471969,107465.51
2026-05-16,19182.800808941603,18465.994,17559.148725334806,18465.994,19180.77341909469,107102.77
2026-05-17,18247.499946507785,18166.496,17259.650678459806,18166.496,18881.27537221969,105365.68
2026-05-18,18699.291630808915,18339.312,17432.467084709806,18339.312,19054.09177846969,106368.02
2026-05-19,17809.004522295454,18267.322,17360.476850334806,18267.322,18982.10154409469,105950.47
2026-05-20,17240.317328454094,18342.027,17435.181928459806,18342.027,19056.80662221969,106383.77
2026-05-21,18009.721431019436,18183.182,17276.336225334806,18183.182,18897.96091909469,105462.45
2026-05-22,17664.01490924215,18134.336,17227.490522209806,18134.336,18849.11521596969,105179.15
2026-05-23,17371.628070419523,18071.1,17164.254194084806,18071.1,18785.87888784469,104812.38
2026-05-24,17778.54867466864,18625.11,17718.263959709806,18625.11,19339.88865346969,108025.64
2026-05-25,19204.084946659525,18883.848,17977.002240959806,18883.848,19598.62693471969,109526.32
2026-05-26,17895.447064353277,18621.547,17714.701459709806,18621.547,19336.32615346969,108004.98
2026-05-27,17857.129921082127,18598.863,17692.017865959806,18598.863,19313.64255971969,107873.41
2026-05-28,17819.0711635734,18577.785,17670.939740959806,18577.785,19292.56443471969,107751.16
2026-05-29,19854.287857067146,18720.637,17813.791303459806,18720.637,19435.41599721969,108579.7
2026-05-30,18775.283586331,18972.842,18065.996381584806,18972.842,19687.62107534469,110042.48
2026-05-31,17324.86915309162,18988.668,18081.822553459806,18988.668,19703.44724721969,110134.28
2026-06-01,19174.62091343028,19339.406,18432.560834709806,19339.406,20054.18552846969,112168.56
2026-06-02,19516.009756175743,19180.164,18273.318647209806,19180.164,19894.94334096969,111244.95
2026-06-03,18447.49596792668,19147.33,18240.484662834806,19147.33,19862.10935659469,111054.52
2026-06-04,19221.539977867746,19407.555,18500.709272209806,19407.555,20122.33396596969,112563.82
2026-06-05,18867.05841853356,19407.5,18500.654584709806,19407.5,20122.27927846969,112563.5
2026-06-06,19984.60818518356,19404.428,18497.582319084806,19404.428,20119.20701284469,112545.69
2026-06-07,19607.95882893325,19351.4,18444.554975334806,19351.4,20066.17966909469,112238.12
2026-06-08,19610.63868158813,19334.14,18427.295209709806,19334.14,20048.91990346969,112138.02
2026-06-09,19495.11706486272,19304.078,18397.232709709806,19304.078,20018.85740346969,111963.66
2026-06-10,19294.52010887365,19253.018,18346.172162834806,19253.018,19967.79685659469,111667.51
2026-06-11,19308.27945192346,19289.404,18382.558881584806,19289.404,20004.18357534469,111878.55
2026-06-12,18576.120353014987,19211.28,18304.433881584806,19211.28,19926.05857534469,111425.42
2026-06-13,18275.022252715095,19387.932,18481.086225334806,19387.932,20102.71091909469,112450.01
2026-06-14,19849.519465619294,19494.4,18587.554975334806,19494.4,20209.17966909469,113067.52
2026-06-15,19385.65901547776,18630.2,17723.353803459806,18630.2,19344.97849721969,108055.16
2026-06-16,20000.0,19375.094,18468.248334709806,19375.094,20089.87302846969,112375.55
2026-06-17,20000.0,19316.086,18409.240522209806,19316.086,20030.86521596969,112033.3
2026-06-18,20000.0,19538.842,18631.996381584806,19538.842,20253.62107534469,113325.29
2026-06-19,18812.025540619496,19421.4,18514.554975334806,19421.4,20136.17966909469,112644.12
2026-06-20,19059.945966679898,19364.678,18457.832319084806,19364.678,20079.45701284469,112315.13
2026-06-21,19542.643475310808,19401.703,18494.857709709806,19401.703,20116.48240346969,112529.88
2026-06-22,20000.0,19348.773,18441.928022209806,19348.773,20063.55271596969,112222.89
2026-06-23,20000.0,19558.855,18652.010053459806,19558.855,20273.63474721969,113441.37
2026-06-24,20000.0,19185.666,18278.820600334806,19185.666,19900.44529409469,111276.87
2026-06-25,19202.25490506353,19202.557,18295.711225334806,19202.557,19917.33591909469,111374.84
2026-06-26,18650.71759374428,19141.227,18234.381147209806,19141.227,19856.00584096969,111019.12
2026-06-27,19483.939232226345,18831.084,17924.238569084806,18831.084,19545.86326284469,109220.29
2026-06-28,18795.473224000118,19308.66,18401.814740959806,19308.66,20023.43943471969,111990.23
2026-06-29,19355.34951781779,19379.678,18472.832319084806,19379.678,20094.45701284469,112402.13
2026-06-30,19418.282148413797,19234.05,18327.205365959806,19234.05,19948.83005971969,111557.5
2026-07-01,20000.0,19457.646,18550.801069084806,19457.646,20172.42576284469,112854.35
2026-07-02,19048.156345643067,19216.691,18309.845990959806,19216.691,19931.47068471969,111456.81
2026-07-03,17341.529910548783,19243.5,18336.654584709806,19243.5,19958.27927846969,111612.3
2026-07-04,9459.335568484474,9272.473,8365.627240959804,9272.473,9987.25193471969,53780.34
2026-07-05,4627.264011196703,5063.151,4156.305463616054,5063.151,5777.930157375939,29366.28
2026-07-06,17642.481776440265,17087.41,16180.564740959804,17087.41,17802.18943471969,99106.98
2026-07-07,841.9329819111946,778.2328,0.0,778.2328,1493.0120665556274,4513.75
2026-07-08,18584.5271793284,19288.377,18381.531537834806,19288.377,20003.15623159469,111872.59
2026-07-09,19948.52461893185,19466.88,18560.035444084806,19466.88,20181.66013784469,112907.91
2026-07-10,8874.062082855035,9282.84,8375.994428459804,9282.84,9997.61912221969,53840.48
2026-07-11,16860.23523883079,16823.88,15917.035444084804,16823.88,17538.66013784469,97578.52
2026-07-12,19952.74215041189,19315.852,18409.006147209806,19315.852,20030.63084096969,112031.95
2026-07-13,18649.330927206272,17430.332,16523.486615959806,17430.332,18145.11130971969,101095.93
2026-07-14,12491.14455357428,13306.533,12399.687787834804,13306.533,14021.31248159469,77177.9
2026-07-15,12108.345467935887,11786.194,10879.348920647304,11786.194,12500.97361440719,68359.93
2026-07-16,20000.0,19052.793,18145.947553459806,19052.793,19767.57224721969,110506.2
2026-07-17,19522.129868190423,18943.732,18036.887006584806,18943.732,19658.51170034469,109873.65
2026-07-18,15268.639762828074,16434.98,15528.135053459804,16434.98,17149.75974721969,95322.89
2026-07-19,11350.837568594348,11034.137,10127.291303459804,11034.137,11748.91599721969,63998.0
2026-07-20,4367.154994911428,4731.372,3824.5266550223046,4731.372,5446.151348782189,27441.96
2026-07-21,3915.410621758029,4236.036,3329.1907175223046,4236.036,4950.815411282189,24569.01
2026-07-22,1841.3752287617,1933.0641,1026.218671623867,1933.0641,2647.8433653837524,11211.77
2026-07-23,880.0849882637758,835.3513,0.0,835.3513,1550.1305968290649,4845.04
2026-07-24,29.018039697062463,80.98645,0.0,80.98645,795.7657286650023,469.72
2026-07-25,0.0,0.0,0.0,0.0,714.7792784696898,0.0
2026-07-26,498.7394159608161,505.137,0.0,505.137,1219.916271877893,2929.79
2026-07-27,9388.26673320457,9552.199,8645.353803459804,9552.199,10266.97849721969,55402.76
2026-07-28,16197.21639207574,16636.953,15730.107709709804,16636.953,17351.73240346969,96494.33
2026-07-29,5990.022775364581,6895.848,5989.002729241054,6895.848,7610.627423000939,39995.92
2026-07-30,2825.491000576308,3091.3164,2184.4709909598046,3091.3164,3806.09568471969,17929.64
2026-07-31,4437.548992739373,4540.692,3633.8464792410546,4540.692,5255.471173000939,26336.01
2026-08-01,9.46031747788296,83.32142,0.0,83.32142,798.1006972318968,483.26
2026-08-02,252.96319197597649,136.18015,0.0,136.18015,850.9594237333616,789.84
2026-08-03,6667.873276884293,6584.5527,5677.707319084804,6584.5527,7299.332012844689,38190.4
2026-08-04,6411.754242077956,6893.104,5986.258588616054,6893.104,7607.883282375939,39980.0
2026-08-05,9239.117132233225,10797.161,9890.315717522304,10797.161,11511.94041128219,62623.54
2026-08-06,16035.424875840956,15806.522,14899.677045647304,15806.522,16521.30173940719,91677.84
2026-08-07,19007.61664012203,19311.959,18405.113569084806,19311.959,20026.73826284469,112009.37
2026-08-08,16761.353583926477,15759.351,14852.505170647304,15759.351,16474.12986440719,91404.23
2026-08-09,18397.593114499123,19474.693,18567.847944084806,19474.693,20189.47263784469,112953.23
2026-08-10,14571.910536721613,16104.299,15197.453412834804,16104.299,16819.07810659469,93404.94
2026-08-11,3450.6082357953424,3335.5186,2428.6731393973046,3335.5186,4050.29783315719,19346.01
2026-08-12,944.0123985420016,825.35077,0.0,825.35077,1540.1300475126586,4787.03
2026-08-13,15863.797451971746,16460.623,15553.777631584804,16460.623,17175.40232534469,95471.62
2026-08-14,15711.719776218984,15325.294,14418.448530022304,15325.294,16040.07322378219,88886.71
2026-08-15,20000.0,19251.521,18344.676069084806,19251.521,19966.30076284469,111658.83
2026-08-16,9126.522897617917,9619.636,8712.790326897304,9619.636,10334.41502065719,55793.89
2026-08-17,14097.482812577322,15370.543,14463.697553459804,15370.543,16085.32224721969,89149.15
2026-08-18,2792.7185614216664,2914.1714,2007.3259714285546,2914.1714,3628.95066518844,16902.2
2026-08-19,11570.242815887008,11169.78,10262.934858147304,11169.78,11884.55955190719,64784.72
2026-08-20,19097.105798170083,18743.223,17836.377240959806,18743.223,19458.00193471969,108710.7
2026-08-21,14329.74107635488,14211.437,13304.591108147304,14211.437,14926.21580190719,82426.34
2026-08-22,11419.620532989717,11502.519,10595.673139397304,11502.519,12217.29783315719,66714.61
2026-08-23,14729.64943915449,14434.959,13528.113569084804,14434.959,15149.73826284469,83722.76
2026-08-24,19106.29527529294,18724.89,17818.045209709806,18724.89,19439.66990346969,108604.37
2026-08-25,19334.84033915066,19443.314,18536.469037834806,19443.314,20158.09373159469,112771.23
2026-08-26,20000.0,19304.096,18397.250287834806,19304.096,20018.87498159469,111963.76
2026-08-27,9147.20244491036,10181.079,9274.233686272304,10181.079,10895.85838003219,59050.26
2026-08-28,8908.831212018138,8508.095,7601.249311272304,8508.095,9222.87400503219,49346.95
2026-08-29,15076.74324386363,16251.36,15344.514936272304,16251.36,16966.13963003219,94257.89
2026-08-30,11965.361230855528,12563.501,11656.655561272304,12563.501,13278.28025503219,72868.3
2026-08-31,7358.192986950848,7201.1323,6294.286908928554,7201.1323,7915.911602688439,41766.57
2026-09-01,14187.463281728587,13762.094,12855.248334709804,13762.094,14476.87302846969,79820.15
2026-09-02,2882.434682603792,3329.2383,2422.3928659598046,3329.2383,4044.01755971969,19309.58
2026-09-03,13622.196148108587,13393.167,12486.321576897304,13393.167,14107.94627065719,77680.38
2026-09-04,8103.762788648488,8006.9883,7100.142865959804,8006.9883,8721.76755971969,46440.54
2026-09-05,13533.86126477006,14083.75,13176.904584709804,14083.75,14798.52927846969,81685.75
2026-09-06,16787.70773752309,17659.754,16752.908490959806,17659.754,18374.53318471969,102426.58
2026-09-07,20000.0,19579.684,18672.838178459806,19579.684,20294.46287221969,113562.17
2026-09-08,18910.018675061707,19475.85,18569.004194084806,19475.85,20190.62888784469,112959.93
2026-09-09,19669.272625543294,18990.139,18083.293256584806,18990.139,19704.91795034469,110142.8
2026-09-10,19640.332561721258,19041.588,18134.742475334806,19041.588,19756.36716909469,110441.21
2026-09-11,17574.637244011337,16840.193,15933.347944084804,16840.193,17554.97263784469,97673.12
2026-09-12,14144.113510341742,14510.875,13604.029584709804,14510.875,15225.65427846969,84163.08
2026-09-13,9564.233124434082,9692.147,8785.302045647304,9692.147,10406.92673940719,56214.46
2026-09-14,3174.973310747475,3372.8696,2466.0242136160546,3372.8696,4087.64890737594,19562.64
2026-09-15,44.257041002671215,0.0,0.0,0.0,714.7792784696898,0.0
2026-09-16,4544.655058004086,4963.319,4056.4734323660546,4963.319,5678.098126125939,28787.25
2026-09-17,5208.636916712878,4729.593,3822.7473581473046,4729.593,5444.372051907189,27431.64
2026-09-18,19772.307160195185,19437.283,18530.437787834806,19437.283,20152.06248159469,112736.25
2026-09-19,18722.566452633117,19141.625,18234.779584709806,19141.625,19856.40427846969,111021.43
2026-09-20,18652.93466175598,19003.592,18096.746381584806,19003.592,19718.37107534469,110220.84
2026-09-21,18672.91421520572,18979.617,18072.771772209806,18979.617,19694.39646596969,110081.78
2026-09-22,19250.156375202798,18848.83,17941.984662834806,18848.83,19563.60935659469,109323.22
2026-09-23,18721.075122159065,19059.93,18153.084272209806,19059.93,19774.70896596969,110547.59
2026-09-24,18037.5425393624,18998.064,18091.219037834806,18998.064,19712.84373159469,110188.78
2026-09-25,18237.60045646354,19209.611,18302.765912834806,19209.611,19924.39060659469,111415.75
2026-09-26,19164.467099924157,19442.504,18535.658490959806,19442.504,20157.28318471969,112766.52
2026-09-27,19089.86630294728,19377.57,18470.724897209806,19377.57,20092.34959096969,112389.91
2026-09-28,19434.863802633303,19413.766,18506.920209709806,19413.766,20128.54490346969,112599.84
2026-09-29,18699.016426660244,19089.943,18183.097944084806,19089.943,19804.72263784469,110721.67
2026-09-30,18941.29519536585,19351.25,18444.404584709806,19351.25,20066.02927846969,112237.25
2026-10-01,18401.794604531657,18815.523,17908.678022209806,18815.523,19530.30271596969,109130.04
2026-10-02,18385.274353061992,18621.723,17714.877240959806,18621.723,19336.50193471969,108005.99
2026-10-03,19562.64444369932,18850.906,17944.060834709806,18850.906,19565.68552846969,109335.26
2026-10-04,19339.05770900969,18996.613,18089.767865959806,18996.613,19711.39255971969,110180.36
2026-10-05,18888.15892146398,19044.332,18137.486615959806,19044.332,19759.11130971969,110457.13
2026-10-06,18226.098244544817,18734.91,17828.064740959806,18734.91,19449.68943471969,108662.48
2026-10-07,17809.203356892504,18581.195,17674.349897209806,18581.195,19295.97459096969,107770.94
2026-10-08,,18612.922,17706.076459709806,18612.922,19327.70115346969,107954.95
2026-10-09,,18815.457,17908.611615959806,18815.457,19530.23630971969,109129.66
2026-10-10,,18788.176,17881.330365959806,18788.176,19502.95505971969,108971.42
2026-10-11,,18667.25,17760.404584709806,18667.25,19382.02927846969,108270.05
2026-10-12,,18334.463,17427.617475334806,18334.463,19049.24216909469,106339.89
2026-10-13,,18256.887,17350.041303459806,18256.887,18971.66599721969,105889.95
2026-10-14,,18190.385,17283.539350334806,18190.385,18905.16404409469,105504.23
2026-10-15,,18202.44,17295.594037834806,18202.44,18917.21873159469,105574.15
2026-10-16,,18035.053,17128.207319084806,18035.053,18749.83201284469,104603.31
2026-10-17,,18307.205,17400.359662834806,18307.205,19021.98435659469,106181.79
2026-10-18,,18131.0,17224.154584709806,18131.0,18845.77927846969,105159.8
2026-10-19,,18122.904,17216.058881584806,18122.904,18837.68357534469,105112.85
