date,temperature_c,temperature_max_c,temperature_min_c,humidity_pct,rainfall_mm,wind_speed_ms,wind_speed_max_ms,cloud_cover_pct,cloud_cover_low_pct,cloud_cover_mid_pct,cloud_cover_high_pct,visibility_km,ghi_kwh_m2_day,direct_radiation_kwh_m2_day,dhi_kwh_m2_day,dni_kwh_m2_day,dni_peak_w_m2,diffuse_fraction,direct_fraction,day_of_year,et_radiation_kwh_m2,clearness_index,month,quarter,week_of_year,is_weekend,is_monsoon,site_name,latitude,longitude,data_source,load_timestamp
2026-09-30,27.991666666666664,33.3,24.0,72.125,0.0,3.0691666666666664,4.43,3.0416666666666665,2.0416666666666665,0.9583333333333334,0.0,17.200833333333332,6.125,4.525,1.6,6.7295,783.1,0.2612244897959184,0.7387755102040817,273,6.332948374497881,0.967164050265234,9,3,40,0,1,Khavda Renewable Energy Park,23.9,69.75,Open-Meteo-Forecast,2026-09-30T03:47:10.814867
2026-10-01,27.458333333333332,33.9,22.5,71.41666666666667,0.0,2.4754166666666664,4.41,0.9583333333333334,0.9583333333333334,0.0,0.0,17.578333333333333,6.165,4.588,1.577,6.8855,792.7,0.2557988645579886,0.7442011354420114,274,6.31600164834232,0.9760922088451399,10,4,40,0,0,Khavda Renewable Energy Park,23.9,69.75,Open-Meteo-Forecast,2026-09-30T03:47:10.814867
2026-10-02,27.804166666666664,34.4,22.7,69.79166666666667,0.0,2.314583333333333,3.87,2.7916666666666665,2.7916666666666665,0.0,0.0,17.934166666666666,6.135,4.549,1.586,6.8283,797.9,0.25851670741646293,0.7414832925835372,275,6.299109444869365,0.973947198996037,10,4,40,0,0,Khavda Renewable Energy Park,23.9,69.75,Open-Meteo-Forecast,2026-09-30T03:47:10.814867
2026-10-03,27.929166666666664,35.2,23.3,71.375,0.0,3.424166666666667,4.72,2.2916666666666665,2.2916666666666665,0.0,0.0,17.0225,6.106,4.569,1.537,6.8757,791.7,0.2517196200458565,0.7482803799541434,276,6.2822767696034685,0.9719406234286945,10,4,40,1,0,Khavda Renewable Energy Park,23.9,69.75,Open-Meteo-Forecast,2026-09-30T03:47:10.814867
2026-10-04,27.820833333333336,34.7,23.2,72.125,0.0,4.283333333333333,6.09,3.7083333333333335,3.7083333333333335,0.0,0.0,16.41166666666667,6.045,4.531,1.514,6.930899999999999,793.6,0.25045492142266335,0.7495450785773367,277,6.26550861042959,0.9648059520559065,10,4,40,1,0,Khavda Renewable Energy Park,23.9,69.75,Open-Meteo-Forecast,2026-09-30T03:47:10.814867
2026-10-05,28.083333333333332,34.5,23.7,71.625,0.0,4.191666666666666,5.81,1.8333333333333333,1.8333333333333333,0.0,0.0,16.620833333333334,5.998,4.487,1.511,6.8651,792.8,0.2519173057685895,0.7480826942314105,278,6.2488099361151805,0.9598627676822723,10,4,41,0,0,Khavda Renewable Energy Park,23.9,69.75,Open-Meteo-Forecast,2026-09-30T03:47:10.814867
2026-10-06,27.9375,33.1,22.9,71.70833333333333,0.0,3.245416666666667,4.56,4.208333333333333,4.208333333333333,0.0,0.0,16.295833333333334,5.928,4.369,1.559,7.0153,768.8,0.26298920377867746,0.7370107962213225,279,6.232185694837826,0.9511911695619427,10,4,41,0,0,Khavda Renewable Energy Park,23.9,69.75,Open-Meteo-Forecast,2026-09-30T03:47:10.814867
2026-10-07,27.983333333333334,33.9,22.4,67.875,0.0,2.345833333333333,3.03,0.5833333333333334,0.5833333333333334,0.0,0.0,16.988333333333333,6.042,4.547,1.495,7.3553999999999995,797.3,0.24743462429659055,0.7525653757034094,280,6.215640812718997,0.9720638920505706,10,4,41,0,0,Khavda Renewable Energy Park,23.9,69.75,Open-Meteo-Forecast,2026-09-30T03:47:10.814867
2026-10-08,27.983333333333334,34.1,22.5,66.54166666666667,0.0,2.3675,3.56,27.0,27.0,0.0,0.0,14.971666666666666,5.837,4.287,1.55,6.9041,775.6,0.26554737022443037,0.7344526297755697,281,6.199180192364333,0.9415761147239375,10,4,41,0,0,Khavda Renewable Energy Park,23.9,69.75,Open-Meteo-Forecast,2026-09-30T03:47:10.814867
2026-10-09,27.866666666666664,33.3,22.8,67.54166666666667,0.0,3.3820833333333336,4.86,27.0,27.0,0.0,0.0,14.539166666666667,5.826,4.271,1.555,6.8702,786.8,0.2669069687607278,0.7330930312392723,282,6.182808711410894,0.9422901907425384,10,4,41,0,0,Khavda Renewable Energy Park,23.9,69.75,Open-Meteo-Forecast,2026-09-30T03:47:10.814867
2026-10-10,27.837500000000002,33.0,22.4,65.875,0.0,4.212916666666667,5.63,0.2916666666666667,0.2916666666666667,0.0,0.0,16.68,5.924,4.456,1.468,7.269799999999999,797.7,0.2478055367994598,0.7521944632005402,283,6.166531221081813,0.9606697489420535,10,4,41,1,0,Khavda Renewable Energy Park,23.9,69.75,Open-Meteo-Forecast,2026-09-30T03:47:10.814867
2026-10-11,27.929166666666664,33.1,22.6,71.08333333333333,0.0,1.8033333333333335,2.4,4.125,4.125,0.0,0.0,15.626666666666667,5.686,4.108,1.578,6.6633000000000004,758.0,0.27752374252550127,0.7224762574744987,284,6.150352544748771,0.9244998491760866,10,4,41,1,0,Khavda Renewable Energy Park,23.9,69.75,Open-Meteo-Forecast,2026-09-30T03:47:10.814867
2026-10-12,28.866666666666664,34.1,23.1,63.0,0.0,0.89875,1.41,0.9583333333333334,0.0,0.6666666666666666,0.2916666666666667,17.741666666666667,5.813,4.361,1.452,7.187399999999999,784.7,0.2497849647342164,0.7502150352657836,285,6.1342774765027315,0.9476258650291935,10,4,42,0,0,Khavda Renewable Energy Park,23.9,69.75,Open-Meteo-Forecast,2026-09-30T03:47:10.814867
2026-10-13,29.508333333333336,35.0,23.2,56.041666666666664,0.0,1.35125,1.93,1.875,0.0,1.875,0.0,19.651666666666667,5.689,4.239,1.45,6.9931,774.6,0.2548778344172965,0.7451221655827034,286,6.118310779733341,0.9298318122127082,10,4,42,0,0,Khavda Renewable Energy Park,23.9,69.75,Open-Meteo-Forecast,2026-09-30T03:47:10.814867
