datetime,date,hour,solar_generation_mw,wind_generation_mw,total_generation_mw,temperature_c,wind_speed_ms,solar_radiation_wm2,cloud_cover_pct,humidity_pct,rainfall_mm,is_forecast
2026-09-24 00:00:00,2026-09-24,0,0.0,57.05,57.05,27.2,3.34,0.0,2,80,0.0,False
2026-09-24 01:00:00,2026-09-24,1,0.0,58.6,58.6,26.5,3.37,0.0,0,82,0.0,False
2026-09-24 02:00:00,2026-09-24,2,0.0,73.85,73.85,25.9,3.64,0.0,0,86,0.0,False
2026-09-24 03:00:00,2026-09-24,3,0.0,98.74,98.74,25.6,4.01,0.0,0,90,0.0,False
2026-09-24 04:00:00,2026-09-24,4,0.0,102.47,102.47,25.6,4.06,0.0,0,94,0.0,False
2026-09-24 05:00:00,2026-09-24,5,0.0,110.23,110.23,25.8,4.16,0.0,0,95,0.0,False
2026-09-24 06:00:00,2026-09-24,6,0.0,86.7,86.7,25.8,3.84,0.0,0,94,0.0,False
2026-09-24 07:00:00,2026-09-24,7,25.38,82.7,108.08,26.4,3.78,35.0,0,91,0.0,False
2026-09-24 08:00:00,2026-09-24,8,153.71,91.53,245.24,28.1,3.91,212.0,0,81,0.0,False
2026-09-24 09:00:00,2026-09-24,9,315.4,131.33,446.73,30.3,4.41,435.0,0,69,0.0,False
2026-09-24 10:00:00,2026-09-24,10,462.58,185.72,648.3,32.6,4.95,638.0,0,57,0.0,False
2026-09-24 11:00:00,2026-09-24,11,573.51,250.61,824.12,35.2,5.47,791.0,0,45,0.0,False
2026-09-24 12:00:00,2026-09-24,12,636.59,260.36,896.95,36.6,5.54,878.0,0,37,0.0,False
2026-09-24 13:00:00,2026-09-24,13,648.92,253.37,902.29,37.4,5.49,895.0,0,33,0.0,False
2026-09-24 14:00:00,2026-09-24,14,607.59,241.11,848.7,37.9,5.4,838.0,0,31,0.0,False
2026-09-24 15:00:00,2026-09-24,15,516.23,221.57,737.8,37.9,5.25,712.0,0,30,0.0,False
2026-09-24 16:00:00,2026-09-24,16,382.82,167.23,550.05,37.4,4.78,528.0,0,32,0.0,False
2026-09-24 17:00:00,2026-09-24,17,224.04,104.76,328.8,36.0,4.09,309.0,2,36,0.0,False
2026-09-24 18:00:00,2026-09-24,18,71.78,61.25,133.03,33.6,3.42,99.0,1,42,0.0,False
2026-09-24 19:00:00,2026-09-24,19,1.45,57.57,59.02,31.4,3.35,2.0,1,47,0.0,False
2026-09-24 20:00:00,2026-09-24,20,0.0,84.69,84.69,30.0,3.81,0.0,1,54,0.0,False
2026-09-24 21:00:00,2026-09-24,21,0.0,109.44,109.44,29.0,4.15,0.0,2,59,0.0,False
2026-09-24 22:00:00,2026-09-24,22,0.0,101.72,101.72,28.0,4.05,0.0,2,64,0.0,False
2026-09-24 23:00:00,2026-09-24,23,0.0,87.38,87.38,27.4,3.85,0.0,0,70,0.0,False
2026-09-25 00:00:00,2026-09-25,0,0.0,40.25,40.25,26.4,3.52,0.0,0,75,0.0,False
2026-09-25 01:00:00,2026-09-25,1,0.0,38.56,38.56,25.8,3.47,0.0,0,79,0.0,False
2026-09-25 02:00:00,2026-09-25,2,0.0,47.13,47.13,25.3,3.71,0.0,0,83,0.0,False
2026-09-25 03:00:00,2026-09-25,3,0.0,75.97,75.97,25.1,4.35,0.0,0,87,0.0,False
2026-09-25 04:00:00,2026-09-25,4,0.0,100.16,100.16,25.1,4.77,0.0,0,89,0.0,False
2026-09-25 05:00:00,2026-09-25,5,0.0,138.96,138.96,25.3,5.32,0.0,0,91,0.0,False
2026-09-25 06:00:00,2026-09-25,6,0.0,116.75,116.75,25.2,5.02,0.0,0,91,0.0,False
2026-09-25 07:00:00,2026-09-25,7,24.59,109.25,133.84,25.7,4.91,34.0,0,88,0.0,False
2026-09-25 08:00:00,2026-09-25,8,153.35,98.91,252.26,27.4,4.75,212.0,0,81,0.0,False
2026-09-25 09:00:00,2026-09-25,9,314.65,146.95,461.6,29.4,5.42,435.0,0,71,0.0,False
2026-09-25 10:00:00,2026-09-25,10,461.49,155.23,616.72,31.4,5.52,638.0,0,63,0.0,False
2026-09-25 11:00:00,2026-09-25,11,573.61,151.88,725.49,33.8,5.48,793.0,0,51,0.0,False
2026-09-25 12:00:00,2026-09-25,12,639.44,167.34,806.78,35.4,5.66,884.0,0,42,0.0,False
2026-09-25 13:00:00,2026-09-25,13,651.01,184.77,835.78,36.4,5.85,900.0,0,39,0.0,False
2026-09-25 14:00:00,2026-09-25,14,608.33,209.48,817.81,36.8,6.1,841.0,0,38,0.0,False
2026-09-25 15:00:00,2026-09-25,15,515.74,243.07,758.81,36.3,6.41,713.0,0,40,0.0,False
2026-09-25 16:00:00,2026-09-25,16,381.93,246.5,628.43,35.3,6.44,528.0,0,43,0.0,False
2026-09-25 17:00:00,2026-09-25,17,223.51,166.46,389.97,34.0,5.65,309.0,0,47,0.0,False
2026-09-25 18:00:00,2026-09-25,18,70.89,147.76,218.65,31.4,5.43,98.0,0,56,0.0,False
2026-09-25 19:00:00,2026-09-25,19,1.45,136.62,138.07,29.3,5.29,2.0,0,63,0.0,False
2026-09-25 20:00:00,2026-09-25,20,0.0,123.15,123.15,28.0,5.11,0.0,0,70,0.0,False
2026-09-25 21:00:00,2026-09-25,21,0.0,95.82,95.82,27.0,4.7,0.0,0,76,0.0,False
2026-09-25 22:00:00,2026-09-25,22,0.0,78.62,78.62,26.2,4.4,0.0,0,81,0.0,False
2026-09-25 23:00:00,2026-09-25,23,0.0,60.41,60.41,25.9,4.03,0.0,0,86,0.0,False
2026-09-26 00:00:00,2026-09-26,0,0.0,43.43,43.43,25.4,3.97,0.0,0,90,0.0,False
2026-09-26 01:00:00,2026-09-26,1,0.0,52.53,52.53,25.1,4.23,0.0,0,93,0.0,False
2026-09-26 02:00:00,2026-09-26,2,0.0,57.92,57.92,24.9,4.37,0.0,2,94,0.0,False
2026-09-26 03:00:00,2026-09-26,3,0.0,61.99,61.99,24.9,4.47,0.0,12,95,0.0,False
2026-09-26 04:00:00,2026-09-26,4,0.0,68.0,68.0,25.0,4.61,0.0,19,95,0.0,False
2026-09-26 05:00:00,2026-09-26,5,0.0,73.45,73.45,25.1,4.73,0.0,16,96,0.0,False
2026-09-26 06:00:00,2026-09-26,6,0.0,89.39,89.39,25.1,5.05,0.0,8,96,0.0,False
2026-09-26 07:00:00,2026-09-26,7,24.58,121.24,145.82,25.7,5.59,33.0,2,91,0.0,False
2026-09-26 08:00:00,2026-09-26,8,155.66,124.52,280.18,27.5,5.64,209.0,1,79,0.0,False
2026-09-26 09:00:00,2026-09-26,9,322.5,158.32,480.82,29.0,6.11,433.0,5,70,0.0,False
2026-09-26 10:00:00,2026-09-26,10,464.76,162.24,627.0,30.7,6.16,624.0,2,63,0.0,False
2026-09-26 11:00:00,2026-09-26,11,580.94,168.64,749.58,32.0,6.24,780.0,5,57,0.0,False
2026-09-26 12:00:00,2026-09-26,12,640.53,214.41,854.94,33.2,6.76,860.0,2,51,0.0,False
2026-09-26 13:00:00,2026-09-26,13,655.42,267.79,923.21,33.8,7.28,880.0,4,48,0.0,False
2026-09-26 14:00:00,2026-09-26,14,608.5,283.54,892.04,33.8,7.42,817.0,3,47,0.0,False
2026-09-26 15:00:00,2026-09-26,15,513.91,253.7,767.61,33.3,7.15,690.0,11,50,0.0,False
2026-09-26 16:00:00,2026-09-26,16,369.42,235.02,604.44,32.4,6.97,496.0,12,52,0.0,False
2026-09-26 17:00:00,2026-09-26,17,214.5,178.56,393.06,31.2,6.36,288.0,3,56,0.0,False
2026-09-26 18:00:00,2026-09-26,18,68.52,125.85,194.37,29.6,5.66,92.0,1,62,0.0,False
2026-09-26 19:00:00,2026-09-26,19,0.74,93.16,93.9,28.0,5.12,1.0,1,70,0.0,False
2026-09-26 20:00:00,2026-09-26,20,0.0,78.21,78.21,27.1,4.83,0.0,2,76,0.0,False
2026-09-26 21:00:00,2026-09-26,21,0.0,60.34,60.34,26.3,4.43,0.0,2,80,0.0,False
2026-09-26 22:00:00,2026-09-26,22,0.0,59.93,59.93,25.9,4.42,0.0,3,83,0.0,False
2026-09-26 23:00:00,2026-09-26,23,0.0,47.84,47.84,25.9,4.1,0.0,13,85,0.0,False
2026-09-27 00:00:00,2026-09-27,0,0.0,57.5,57.5,25.5,4.21,0.0,16,88,0.0,False
2026-09-27 01:00:00,2026-09-27,1,0.0,65.2,65.2,25.4,4.39,0.0,19,89,0.0,False
2026-09-27 02:00:00,2026-09-27,2,0.0,63.43,63.43,25.3,4.35,0.0,27,90,0.0,False
2026-09-27 03:00:00,2026-09-27,3,0.0,63.43,63.43,25.1,4.35,0.0,23,91,0.0,False
2026-09-27 04:00:00,2026-09-27,4,0.0,72.11,72.11,25.0,4.54,0.0,13,91,0.0,False
2026-09-27 05:00:00,2026-09-27,5,0.0,89.55,89.55,25.1,4.88,0.0,27,90,0.0,False
2026-09-27 06:00:00,2026-09-27,6,0.0,84.16,84.16,25.1,4.78,0.0,16,90,0.0,False
2026-09-27 07:00:00,2026-09-27,7,24.64,114.72,139.36,25.6,5.3,31.0,13,86,0.0,False
2026-09-27 08:00:00,2026-09-27,8,158.16,161.51,319.67,27.1,5.94,199.0,24,79,0.0,False
2026-09-27 09:00:00,2026-09-27,9,298.04,195.45,493.49,28.7,6.33,375.0,28,69,0.0,False
2026-09-27 10:00:00,2026-09-27,10,433.15,179.25,612.4,30.3,6.15,545.0,36,61,0.0,False
2026-09-27 11:00:00,2026-09-27,11,498.32,175.77,674.09,31.8,6.11,627.0,43,55,0.0,False
2026-09-27 12:00:00,2026-09-27,12,662.04,181.88,843.92,32.8,6.18,833.0,16,51,0.0,False
2026-09-27 13:00:00,2026-09-27,13,665.22,197.31,862.53,33.4,6.35,837.0,15,49,0.0,False
2026-09-27 14:00:00,2026-09-27,14,631.05,216.55,847.6,33.6,6.55,794.0,5,48,0.0,False
2026-09-27 15:00:00,2026-09-27,15,545.21,217.54,762.75,33.3,6.56,686.0,6,49,0.0,False
2026-09-27 16:00:00,2026-09-27,16,401.36,218.54,619.9,32.5,6.57,505.0,5,51,0.0,False
2026-09-27 17:00:00,2026-09-27,17,232.87,173.2,406.07,31.6,6.08,293.0,11,55,0.0,False
2026-09-27 18:00:00,2026-09-27,18,69.15,189.04,258.19,29.9,6.26,87.0,5,61,0.0,False
2026-09-27 19:00:00,2026-09-27,19,0.79,114.72,115.51,28.3,5.3,1.0,2,71,0.0,False
2026-09-27 20:00:00,2026-09-27,20,0.0,97.49,97.49,27.6,5.02,0.0,3,76,0.0,False
2026-09-27 21:00:00,2026-09-27,21,0.0,65.2,65.2,26.9,4.39,0.0,3,79,0.0,False
2026-09-27 22:00:00,2026-09-27,22,0.0,46.77,46.77,26.4,3.93,0.0,2,81,0.0,False
2026-09-27 23:00:00,2026-09-27,23,0.0,39.67,39.67,26.4,3.72,0.0,69,83,0.0,False
2026-09-28 00:00:00,2026-09-28,0,0.0,79.85,79.85,26.2,3.54,0.0,100,84,0.0,False
2026-09-28 01:00:00,2026-09-28,1,0.0,70.75,70.75,26.3,3.4,0.0,100,83,0.0,False
2026-09-28 02:00:00,2026-09-28,2,0.0,64.69,64.69,26.4,3.3,0.0,100,83,0.0,False
2026-09-28 03:00:00,2026-09-28,3,0.0,64.69,64.69,26.6,3.3,0.0,100,82,0.0,False
2026-09-28 04:00:00,2026-09-28,4,0.0,82.59,82.59,26.6,3.58,0.0,100,82,0.0,False
2026-09-28 05:00:00,2026-09-28,5,0.0,68.28,68.28,26.6,3.36,0.0,90,83,0.0,False
2026-09-28 06:00:00,2026-09-28,6,0.0,84.68,84.68,26.3,3.61,0.0,69,84,0.0,False
2026-09-28 07:00:00,2026-09-28,7,16.33,94.92,111.25,26.6,3.75,20.0,27,83,0.0,False
2026-09-28 08:00:00,2026-09-28,8,144.53,188.08,332.61,27.4,4.71,177.0,54,79,0.1,False
2026-09-28 09:00:00,2026-09-28,9,275.17,188.08,463.25,28.5,4.71,337.0,45,73,0.1,False
2026-09-28 10:00:00,2026-09-28,10,466.25,180.98,647.23,30.3,4.65,571.0,40,64,0.0,False
2026-09-28 11:00:00,2026-09-28,11,571.58,194.13,765.71,31.8,4.76,700.0,48,56,0.0,False
2026-09-28 12:00:00,2026-09-28,12,619.76,200.32,820.08,32.4,4.81,759.0,39,53,0.0,False
2026-09-28 13:00:00,2026-09-28,13,653.23,175.21,828.44,32.9,4.6,800.0,9,51,0.0,False
2026-09-28 14:00:00,2026-09-28,14,628.74,230.45,859.19,33.3,5.04,770.0,8,49,0.0,False
2026-09-28 15:00:00,2026-09-28,15,546.27,247.3,793.57,33.1,5.16,669.0,16,49,0.0,False
2026-09-28 16:00:00,2026-09-28,16,399.29,229.08,628.37,32.6,5.03,489.0,14,49,0.0,False
2026-09-28 17:00:00,2026-09-28,17,229.45,201.57,431.02,31.6,4.82,281.0,13,52,0.0,False
2026-09-28 18:00:00,2026-09-28,18,68.59,170.68,239.27,29.9,4.56,84.0,28,59,0.0,False
2026-09-28 19:00:00,2026-09-28,19,0.82,124.97,125.79,28.7,4.11,1.0,9,63,0.0,False
2026-09-28 20:00:00,2026-09-28,20,0.0,58.43,58.43,27.7,3.19,0.0,2,67,0.0,False
2026-09-28 21:00:00,2026-09-28,21,0.0,28.81,28.81,26.9,2.52,0.0,1,71,0.0,False
2026-09-28 22:00:00,2026-09-28,22,0.0,27.79,27.79,26.2,2.49,0.0,1,75,0.0,False
2026-09-28 23:00:00,2026-09-28,23,0.0,23.66,23.66,26.1,2.36,0.0,0,80,0.0,False
2026-09-29 00:00:00,2026-09-29,0,0.0,100.88,100.88,25.5,2.09,0.0,0,84,0.0,False
2026-09-29 01:00:00,2026-09-29,1,0.0,54.29,54.29,25.1,1.7,0.0,1,88,0.0,False
2026-09-29 02:00:00,2026-09-29,2,0.0,41.95,41.95,24.9,1.56,0.0,7,91,0.0,False
2026-09-29 03:00:00,2026-09-29,3,0.0,38.81,38.81,25.1,1.52,0.0,40,90,0.0,False
2026-09-29 04:00:00,2026-09-29,4,0.0,36.55,36.55,25.4,1.49,0.0,93,89,0.0,False
2026-09-29 05:00:00,2026-09-29,5,0.0,29.68,29.68,25.2,1.39,0.0,91,91,0.0,False
2026-09-29 06:00:00,2026-09-29,6,0.0,11.05,11.05,25.4,1.0,0.0,100,90,0.0,False
2026-09-29 07:00:00,2026-09-29,7,16.59,44.42,61.01,26.2,1.59,20.0,95,83,0.0,False
2026-09-29 08:00:00,2026-09-29,8,116.99,37.29,154.28,26.9,1.5,141.0,44,79,0.0,False
2026-09-29 09:00:00,2026-09-29,9,293.73,73.42,367.15,28.0,1.88,354.0,54,74,0.1,False
2026-09-29 10:00:00,2026-09-29,10,442.25,95.2,537.45,29.6,2.05,533.0,42,66,0.0,False
2026-09-29 11:00:00,2026-09-29,11,543.48,52.4,595.88,31.2,1.68,655.0,34,58,0.0,False
2026-09-29 12:00:00,2026-09-29,12,679.56,71.11,750.67,32.0,1.86,819.0,9,55,0.0,False
2026-09-29 13:00:00,2026-09-29,13,695.32,120.9,816.22,32.7,2.22,838.0,14,52,0.0,False
2026-09-29 14:00:00,2026-09-29,14,643.88,156.61,800.49,33.3,2.42,776.0,9,48,0.0,False
2026-09-29 15:00:00,2026-09-29,15,521.91,160.52,682.43,33.6,2.44,629.0,15,45,0.0,False
2026-09-29 16:00:00,2026-09-29,16,385.0,191.99,576.99,33.7,2.59,464.0,9,42,0.0,False
2026-09-29 17:00:00,2026-09-29,17,214.07,79.44,293.51,33.2,1.93,258.0,5,44,0.0,False
2026-09-29 18:00:00,2026-09-29,18,66.38,55.25,121.63,31.2,1.71,80.0,5,50,0.0,False
2026-09-29 19:00:00,2026-09-29,19,0.83,372.37,373.2,29.9,3.23,1.0,2,57,0.0,False
2026-09-29 20:00:00,2026-09-29,20,0.0,286.58,286.58,28.5,2.96,0.0,2,72,0.0,False
2026-09-29 21:00:00,2026-09-29,21,0.0,445.91,445.91,27.8,3.43,0.0,2,75,0.0,False
2026-09-29 22:00:00,2026-09-29,22,0.0,280.81,280.81,26.9,2.94,0.0,2,79,0.0,False
2026-09-29 23:00:00,2026-09-29,23,0.0,242.57,242.57,26.4,2.8,0.0,1,85,0.0,False
2026-09-30 00:00:00,2026-09-30,0,0.0,97.57,97.57,25.8,2.9,0.0,1,89,0.0,False
2026-09-30 01:00:00,2026-09-30,1,0.0,106.93,106.93,25.3,2.99,0.0,1,93,0.0,False
2026-09-30 02:00:00,2026-09-30,2,0.0,99.6,99.6,24.9,2.92,0.0,1,94,0.0,False
2026-09-30 03:00:00,2026-09-30,3,0.0,60.28,60.28,24.5,2.47,0.0,0,96,0.0,False
2026-09-30 04:00:00,2026-09-30,4,0.0,56.7,56.7,24.2,2.42,0.0,3,97,0.0,False
2026-09-30 05:00:00,2026-09-30,5,0.0,74.45,74.45,24.2,2.65,0.0,0,96,0.0,False
2026-09-30 06:00:00,2026-09-30,6,0.0,47.41,47.41,24.1,2.28,0.0,5,96,0.0,False
2026-09-30 07:00:00,2026-09-30,7,22.89,129.86,152.75,24.8,3.19,30.0,13,92,0.0,False
2026-09-30 08:00:00,2026-09-30,8,147.28,121.5,268.78,26.3,3.12,193.0,9,84,0.0,False
2026-09-30 09:00:00,2026-09-30,9,313.65,120.33,433.98,27.8,3.11,411.0,10,73,0.0,False
2026-09-30 10:00:00,2026-09-30,10,466.27,93.58,559.85,29.3,2.86,611.0,4,65,0.0,False
2026-09-30 11:00:00,2026-09-30,11,581.51,52.58,634.09,31.0,2.36,762.0,2,58,0.0,False
2026-09-30 12:00:00,2026-09-30,12,649.43,50.6,700.03,32.1,2.33,851.0,5,52,0.0,False
2026-09-30 13:00:00,2026-09-30,13,662.4,81.39,743.79,33.0,2.73,868.0,2,48,0.0,False
2026-09-30 14:00:00,2026-09-30,14,621.19,122.67,743.86,33.5,3.13,814.0,5,45,0.0,False
2026-09-30 15:00:00,2026-09-30,15,516.64,154.47,671.11,33.8,3.38,677.0,5,42,0.0,False
2026-09-30 16:00:00,2026-09-30,16,369.36,118.03,487.39,33.8,3.09,484.0,4,39,0.0,False
2026-09-30 17:00:00,2026-09-30,17,209.86,33.47,243.33,33.6,2.03,275.0,9,40,0.0,False
2026-09-30 18:00:00,2026-09-30,18,59.52,95.56,155.08,31.5,2.88,78.0,5,46,0.0,False
2026-09-30 19:00:00,2026-09-30,19,0.0,336.15,336.15,29.3,4.38,0.0,2,56,0.0,False
2026-09-30 20:00:00,2026-09-30,20,0.0,347.79,347.79,27.6,4.43,0.0,2,68,0.0,False
2026-09-30 21:00:00,2026-09-30,21,0.0,311.45,311.45,26.5,4.27,0.0,2,76,0.0,False
2026-09-30 22:00:00,2026-09-30,22,0.0,207.6,207.6,25.6,3.73,0.0,2,82,0.0,False
2026-09-30 23:00:00,2026-09-30,23,0.0,160.02,160.02,25.3,3.42,0.0,2,85,0.0,False
2026-10-01 00:00:00,2026-10-01,0,0.0,183.63,183.63,24.8,3.09,0.0,1,88,0.0,False
2026-10-01 01:00:00,2026-10-01,1,0.0,159.78,159.78,24.3,2.95,0.0,0,91,0.0,False
2026-10-01 02:00:00,2026-10-01,2,0.0,136.63,136.63,23.9,2.8,0.0,0,94,0.0,False
2026-10-01 03:00:00,2026-10-01,3,0.0,66.27,66.27,23.6,2.2,0.0,0,96,0.0,False
2026-10-01 04:00:00,2026-10-01,4,0.0,48.31,48.31,23.3,1.98,0.0,0,97,0.0,False
2026-10-01 05:00:00,2026-10-01,5,0.0,52.84,52.84,23.2,2.04,0.0,0,98,0.0,False
2026-10-01 06:00:00,2026-10-01,6,0.0,32.23,32.23,23.0,1.73,0.0,1,98,0.0,False
2026-10-01 07:00:00,2026-10-01,7,23.45,36.3,59.75,23.6,1.8,31.0,0,96,0.0,False
2026-10-01 08:00:00,2026-10-01,8,152.81,36.3,189.11,25.4,1.8,202.0,0,86,0.0,False
2026-10-01 09:00:00,2026-10-01,9,319.25,73.77,393.02,27.2,2.28,422.0,17,76,0.0,False
2026-10-01 10:00:00,2026-10-01,10,466.77,54.41,521.18,28.9,2.06,617.0,9,68,0.0,False
2026-10-01 11:00:00,2026-10-01,11,581.76,62.72,644.48,30.6,2.16,769.0,3,61,0.0,False
2026-10-01 12:00:00,2026-10-01,12,649.84,90.41,740.25,32.1,2.44,859.0,0,52,0.0,False
2026-10-01 13:00:00,2026-10-01,13,661.95,130.86,792.81,33.2,2.76,875.0,0,45,0.0,False
2026-10-01 14:00:00,2026-10-01,14,615.04,136.63,751.67,33.9,2.8,813.0,0,41,0.0,False
2026-10-01 15:00:00,2026-10-01,15,510.64,123.87,634.51,34.1,2.71,675.0,2,39,0.0,False
2026-10-01 16:00:00,2026-10-01,16,369.93,126.64,496.57,34.1,2.73,489.0,2,38,0.0,False
2026-10-01 17:00:00,2026-10-01,17,209.55,82.85,292.4,33.4,2.37,277.0,2,41,0.0,False
2026-10-01 18:00:00,2026-10-01,18,59.01,74.74,133.75,31.5,2.29,78.0,2,45,0.0,False
2026-10-01 19:00:00,2026-10-01,19,0.0,494.85,494.85,29.6,4.3,0.0,1,54,0.0,False
2026-10-01 20:00:00,2026-10-01,20,0.0,290.39,290.39,28.0,3.6,0.0,0,66,0.0,False
2026-10-01 21:00:00,2026-10-01,21,0.0,290.39,290.39,26.9,3.6,0.0,0,74,0.0,False
2026-10-01 22:00:00,2026-10-01,22,0.0,205.87,205.87,26.1,3.21,0.0,0,79,0.0,False
2026-10-01 23:00:00,2026-10-01,23,0.0,89.31,89.31,25.6,2.43,0.0,0,83,0.0,False
2026-10-02 00:00:00,2026-10-02,0,0.0,92.73,92.73,25.0,2.06,0.0,0,87,0.0,True
2026-10-02 01:00:00,2026-10-02,1,0.0,70.48,70.48,24.6,1.88,0.0,0,89,0.0,True
2026-10-02 02:00:00,2026-10-02,2,0.0,65.01,65.01,24.1,1.83,0.0,0,93,0.0,True
2026-10-02 03:00:00,2026-10-02,3,0.0,82.34,82.34,23.8,1.98,0.0,0,95,0.0,True
2026-10-02 04:00:00,2026-10-02,4,0.0,130.75,130.75,23.7,2.31,0.0,0,96,0.0,True
2026-10-02 05:00:00,2026-10-02,5,0.0,132.46,132.46,23.5,2.32,0.0,0,98,0.0,True
2026-10-02 06:00:00,2026-10-02,6,0.0,143.0,143.0,23.5,2.38,0.0,2,98,0.0,True
2026-10-02 07:00:00,2026-10-02,7,22.65,177.96,200.61,24.0,2.56,30.0,5,96,0.0,True
2026-10-02 08:00:00,2026-10-02,8,149.5,134.18,283.68,25.6,2.33,198.0,16,87,0.0,True
2026-10-02 09:00:00,2026-10-02,9,312.58,34.39,346.97,27.4,1.48,414.0,1,77,0.0,True
2026-10-02 10:00:00,2026-10-02,10,468.12,24.4,492.52,29.6,1.32,620.0,0,66,0.0,True
2026-10-02 11:00:00,2026-10-02,11,583.63,31.02,614.65,31.6,1.43,773.0,0,54,0.0,True
2026-10-02 12:00:00,2026-10-02,12,649.32,56.85,706.17,33.3,1.75,860.0,0,44,0.0,True
2026-10-02 13:00:00,2026-10-02,13,659.89,117.63,777.52,34.3,2.23,874.0,0,39,0.0,True
2026-10-02 14:00:00,2026-10-02,14,613.84,167.74,781.58,34.7,2.51,813.0,0,35,0.0,True
2026-10-02 15:00:00,2026-10-02,15,515.68,157.91,673.59,34.8,2.46,683.0,0,34,0.0,True
2026-10-02 16:00:00,2026-10-02,16,375.25,150.33,525.58,34.6,2.42,497.0,0,34,0.0,True
2026-10-02 17:00:00,2026-10-02,17,211.41,120.83,332.24,33.7,2.25,280.0,0,39,0.0,True
2026-10-02 18:00:00,2026-10-02,18,58.14,99.65,157.79,31.7,2.11,77.0,0,42,0.0,True
2026-10-02 19:00:00,2026-10-02,19,0.0,105.42,105.42,30.2,2.15,0.0,0,47,0.0,True
2026-10-02 20:00:00,2026-10-02,20,0.0,341.11,341.11,28.7,3.18,0.0,0,53,0.0,True
2026-10-02 21:00:00,2026-10-02,21,0.0,240.42,240.42,27.2,2.83,0.0,0,61,0.0,True
2026-10-02 22:00:00,2026-10-02,22,0.0,225.45,225.45,26.2,2.77,0.0,0,70,0.0,True
2026-10-02 23:00:00,2026-10-02,23,0.0,177.96,177.96,25.4,2.56,0.0,0,78,0.0,True
2026-10-03 00:00:00,2026-10-03,0,0.0,50.69,50.69,24.8,2.39,0.0,0,85,0.0,True
2026-10-03 01:00:00,2026-10-03,1,0.0,44.0,44.0,24.2,2.28,0.0,0,90,0.0,True
2026-10-03 02:00:00,2026-10-03,2,0.0,42.29,42.29,23.8,2.25,0.0,0,92,0.0,True
2026-10-03 03:00:00,2026-10-03,3,0.0,45.17,45.17,23.5,2.3,0.0,0,95,0.0,True
2026-10-03 04:00:00,2026-10-03,4,0.0,59.41,59.41,23.5,2.52,0.0,8,97,0.0,True
2026-10-03 05:00:00,2026-10-03,5,0.0,60.84,60.84,23.6,2.54,0.0,17,98,0.0,True
2026-10-03 06:00:00,2026-10-03,6,0.0,40.07,40.07,23.7,2.21,0.0,15,98,0.0,True
2026-10-03 07:00:00,2026-10-03,7,21.22,78.91,100.13,24.2,2.77,28.0,5,95,0.0,True
2026-10-03 08:00:00,2026-10-03,8,148.52,59.41,207.93,25.7,2.52,196.0,1,85,0.0,True
2026-10-03 09:00:00,2026-10-03,9,316.74,50.69,367.43,27.7,2.39,418.0,0,75,0.0,True
2026-10-03 10:00:00,2026-10-03,10,469.8,73.89,543.69,29.9,2.71,620.0,0,63,0.0,True
2026-10-03 11:00:00,2026-10-03,11,585.74,98.25,683.99,32.1,2.98,773.0,0,50,0.0,True
2026-10-03 12:00:00,2026-10-03,12,651.66,116.04,767.7,33.6,3.15,860.0,0,42,0.0,True
2026-10-03 13:00:00,2026-10-03,13,660.76,156.47,817.23,34.5,3.48,872.0,0,38,0.0,True
2026-10-03 14:00:00,2026-10-03,14,613.02,174.67,787.69,35.1,3.61,809.0,0,36,0.0,True
2026-10-03 15:00:00,2026-10-03,15,513.0,206.96,719.96,35.3,3.82,677.0,0,35,0.0,True
2026-10-03 16:00:00,2026-10-03,16,372.81,277.04,649.85,34.9,4.21,492.0,0,35,0.0,True
2026-10-03 17:00:00,2026-10-03,17,209.14,293.13,502.27,33.5,4.29,276.0,0,37,0.0,True
2026-10-03 18:00:00,2026-10-03,18,56.83,239.4,296.23,31.2,4.01,75.0,0,42,0.0,True
2026-10-03 19:00:00,2026-10-03,19,0.76,235.84,236.6,29.2,3.99,1.0,0,49,0.0,True
2026-10-03 20:00:00,2026-10-03,20,0.0,208.59,208.59,27.6,3.83,0.0,0,58,0.0,True
2026-10-03 21:00:00,2026-10-03,21,0.0,197.36,197.36,26.3,3.76,0.0,0,71,0.0,True
2026-10-03 22:00:00,2026-10-03,22,0.0,159.18,159.18,25.2,3.5,0.0,0,80,0.0,True
2026-10-03 23:00:00,2026-10-03,23,0.0,111.68,111.68,24.5,3.11,0.0,0,88,0.0,True
2026-10-04 00:00:00,2026-10-04,0,0.0,36.37,36.37,24.0,2.93,0.0,0,93,0.0,True
2026-10-04 01:00:00,2026-10-04,1,0.0,40.62,40.62,23.6,3.04,0.0,0,96,0.0,True
2026-10-04 02:00:00,2026-10-04,2,0.0,38.65,38.65,23.5,2.99,0.0,5,98,0.0,True
2026-10-04 03:00:00,2026-10-04,3,0.0,37.5,37.5,23.4,2.96,0.0,15,98,0.0,True
2026-10-04 04:00:00,2026-10-04,4,0.0,33.12,33.12,23.4,2.84,0.0,8,98,0.0,True
2026-10-04 05:00:00,2026-10-04,5,0.0,32.77,32.77,23.2,2.83,0.0,1,98,0.0,True
2026-10-04 06:00:00,2026-10-04,6,0.0,33.83,33.83,23.2,2.86,0.0,0,98,0.0,True
2026-10-04 07:00:00,2026-10-04,7,22.11,46.5,68.61,23.5,3.18,29.0,0,98,0.0,True
2026-10-04 08:00:00,2026-10-04,8,150.98,74.44,225.42,25.5,3.72,198.0,0,85,0.0,True
2026-10-04 09:00:00,2026-10-04,9,318.73,102.6,421.33,27.7,4.14,418.0,0,73,0.0,True
2026-10-04 10:00:00,2026-10-04,10,471.23,119.02,590.25,29.9,4.35,618.0,0,60,0.0,True
2026-10-04 11:00:00,2026-10-04,11,587.13,150.12,737.25,31.8,4.7,770.0,0,50,0.0,True
2026-10-04 12:00:00,2026-10-04,12,651.18,195.21,846.39,33.3,5.13,854.0,0,44,0.0,True
2026-10-04 13:00:00,2026-10-04,13,659.56,248.53,908.09,34.3,5.56,865.0,0,40,0.0,True
2026-10-04 14:00:00,2026-10-04,14,612.29,280.67,892.96,34.6,5.79,803.0,0,38,0.0,True
2026-10-04 15:00:00,2026-10-04,15,513.16,318.62,831.78,34.4,6.04,673.0,0,38,0.0,True
2026-10-04 16:00:00,2026-10-04,16,372.1,323.39,695.49,33.4,6.07,488.0,0,39,0.0,True
2026-10-04 17:00:00,2026-10-04,17,206.64,306.12,512.76,31.9,5.96,271.0,0,43,0.0,True
2026-10-04 18:00:00,2026-10-04,18,54.9,234.07,288.97,30.4,5.45,72.0,0,49,0.0,True
2026-10-04 19:00:00,2026-10-04,19,0.0,148.22,148.22,28.7,4.68,0.0,0,57,0.0,True
2026-10-04 20:00:00,2026-10-04,20,0.0,96.06,96.06,27.2,4.05,0.0,0,66,0.0,True
2026-10-04 21:00:00,2026-10-04,21,0.0,74.44,74.44,26.2,3.72,0.0,0,73,0.0,True
2026-10-04 22:00:00,2026-10-04,22,0.0,60.41,60.41,25.5,3.47,0.0,0,80,0.0,True
2026-10-04 23:00:00,2026-10-04,23,0.0,48.73,48.73,24.9,3.23,0.0,0,86,0.0,True
2026-10-05 00:00:00,2026-10-05,0,0.0,41.15,41.15,24.4,2.83,0.0,0,90,0.0,True
2026-10-05 01:00:00,2026-10-05,1,0.0,26.37,26.37,24.0,2.44,0.0,0,93,0.0,True
2026-10-05 02:00:00,2026-10-05,2,0.0,19.33,19.33,23.8,2.2,0.0,0,95,0.0,True
2026-10-05 03:00:00,2026-10-05,3,0.0,21.24,21.24,23.5,2.27,0.0,4,98,0.0,True
2026-10-05 04:00:00,2026-10-05,4,0.0,31.54,31.54,23.4,2.59,0.0,9,99,0.0,True
2026-10-05 05:00:00,2026-10-05,5,0.0,50.0,50.0,23.6,3.02,0.0,12,99,0.0,True
2026-10-05 06:00:00,2026-10-05,6,0.0,71.99,71.99,24.0,3.41,0.0,9,98,0.0,True
2026-10-05 07:00:00,2026-10-05,7,20.78,101.2,121.98,24.6,3.82,27.0,4,95,0.0,True
2026-10-05 08:00:00,2026-10-05,8,150.05,124.21,274.26,25.8,4.09,195.0,0,87,0.0,True
2026-10-05 09:00:00,2026-10-05,9,326.26,131.64,457.9,27.8,4.17,424.0,0,74,0.0,True
2026-10-05 10:00:00,2026-10-05,10,472.47,137.41,609.88,30.2,4.23,614.0,0,59,0.0,True
2026-10-05 11:00:00,2026-10-05,11,581.73,156.77,738.5,32.2,4.42,756.0,0,49,0.0,True
2026-10-05 12:00:00,2026-10-05,12,657.14,193.34,850.48,33.5,4.74,854.0,0,44,0.0,True
2026-10-05 13:00:00,2026-10-05,13,661.76,239.41,901.17,34.4,5.09,860.0,0,40,0.0,True
2026-10-05 14:00:00,2026-10-05,14,609.43,278.0,887.43,34.7,5.35,792.0,0,39,0.0,True
2026-10-05 15:00:00,2026-10-05,15,505.55,302.05,807.6,34.2,5.5,657.0,0,39,0.0,True
2026-10-05 16:00:00,2026-10-05,16,369.35,315.42,684.77,33.2,5.58,480.0,0,42,0.0,True
2026-10-05 17:00:00,2026-10-05,17,212.38,289.06,501.44,32.0,5.42,276.0,0,46,0.0,True
2026-10-05 18:00:00,2026-10-05,18,53.09,208.4,261.49,30.5,4.86,69.0,0,52,0.0,True
2026-10-05 19:00:00,2026-10-05,19,0.0,126.96,126.96,28.8,4.12,0.0,0,62,0.0,True
2026-10-05 20:00:00,2026-10-05,20,0.0,77.84,77.84,27.3,3.5,0.0,0,70,0.0,True
2026-10-05 21:00:00,2026-10-05,21,0.0,57.29,57.29,26.4,3.16,0.0,0,77,0.0,True
2026-10-05 22:00:00,2026-10-05,22,0.0,42.47,42.47,25.7,2.86,0.0,0,82,0.0,True
2026-10-05 23:00:00,2026-10-05,23,0.0,36.94,36.94,25.1,2.73,0.0,0,86,0.0,True
2026-10-06 00:00:00,2026-10-06,0,0.0,66.05,66.05,24.6,2.65,0.0,1,89,0.0,True
2026-10-06 01:00:00,2026-10-06,1,0.0,63.83,63.83,24.1,2.62,0.0,2,93,0.0,True
2026-10-06 02:00:00,2026-10-06,2,0.0,60.25,60.25,23.8,2.57,0.0,5,95,0.0,True
2026-10-06 03:00:00,2026-10-06,3,0.0,51.56,51.56,23.5,2.44,0.0,10,97,0.0,True
2026-10-06 04:00:00,2026-10-06,4,0.0,39.36,39.36,23.3,2.23,0.0,17,99,0.0,True
2026-10-06 05:00:00,2026-10-06,5,0.0,36.77,36.77,23.4,2.18,0.0,20,98,0.0,True
2026-10-06 06:00:00,2026-10-06,6,0.0,46.65,46.65,23.8,2.36,0.0,17,97,0.0,True
2026-10-06 07:00:00,2026-10-06,7,20.17,71.42,91.59,24.6,2.72,26.0,11,94,0.0,True
2026-10-06 08:00:00,2026-10-06,8,147.38,93.93,241.31,25.7,2.98,190.0,6,87,0.0,True
2026-10-06 09:00:00,2026-10-06,9,321.91,107.79,429.7,27.3,3.12,415.0,3,76,0.0,True
2026-10-06 10:00:00,2026-10-06,10,467.74,117.39,585.13,29.4,3.21,603.0,1,64,0.0,True
2026-10-06 11:00:00,2026-10-06,11,578.66,128.71,707.37,31.1,3.31,746.0,0,55,0.0,True
2026-10-06 12:00:00,2026-10-06,12,661.66,135.84,797.5,32.5,3.37,853.0,0,48,0.0,True
2026-10-06 13:00:00,2026-10-06,13,667.87,149.58,817.45,33.7,3.48,861.0,0,43,0.0,True
2026-10-06 14:00:00,2026-10-06,14,614.35,153.48,767.83,34.4,3.51,792.0,0,40,0.0,True
2026-10-06 15:00:00,2026-10-06,15,508.08,162.85,670.93,34.4,3.58,655.0,1,40,0.0,True
2026-10-06 16:00:00,2026-10-06,16,370.0,187.17,557.17,34.0,3.75,477.0,2,42,0.0,True
2026-10-06 17:00:00,2026-10-06,17,210.99,227.15,438.14,33.1,4.0,272.0,3,45,0.0,True
2026-10-06 18:00:00,2026-10-06,18,51.2,262.96,314.16,31.6,4.2,66.0,2,50,0.0,True
2026-10-06 19:00:00,2026-10-06,19,0.0,300.28,300.28,29.7,4.39,0.0,1,58,0.0,True
2026-10-06 20:00:00,2026-10-06,20,0.0,282.19,282.19,28.0,4.3,0.0,0,65,0.0,True
2026-10-06 21:00:00,2026-10-06,21,0.0,188.67,188.67,26.8,3.76,0.0,0,72,0.0,True
2026-10-06 22:00:00,2026-10-06,22,0.0,93.93,93.93,25.9,2.98,0.0,0,77,0.0,True
2026-10-06 23:00:00,2026-10-06,23,0.0,52.2,52.2,25.2,2.45,0.0,0,82,0.0,True
2026-10-07 00:00:00,2026-10-07,0,0.0,92.32,92.32,23.8,2.39,0.0,1,93,0.0,True
2026-10-07 01:00:00,2026-10-07,1,0.0,69.1,69.1,23.1,2.17,0.0,1,98,0.0,True
2026-10-07 02:00:00,2026-10-07,2,0.0,52.49,52.49,22.6,1.98,0.0,2,100,0.0,True
2026-10-07 03:00:00,2026-10-07,3,0.0,40.1,40.1,22.2,1.81,0.0,3,100,0.0,True
2026-10-07 04:00:00,2026-10-07,4,0.0,35.01,35.01,22.2,1.73,0.0,4,100,0.0,True
2026-10-07 05:00:00,2026-10-07,5,0.0,30.93,30.93,22.6,1.66,0.0,4,98,0.0,True
2026-10-07 06:00:00,2026-10-07,6,0.0,31.49,31.49,23.5,1.67,0.0,4,91,0.0,True
2026-10-07 07:00:00,2026-10-07,7,23.7,34.41,58.11,24.9,1.72,31.0,3,82,0.0,True
2026-10-07 08:00:00,2026-10-07,8,170.52,43.51,214.03,26.6,1.86,223.0,2,73,0.0,True
2026-10-07 09:00:00,2026-10-07,9,329.56,53.29,382.85,28.3,1.99,431.0,1,64,0.0,True
2026-10-07 10:00:00,2026-10-07,10,463.38,67.2,530.58,29.9,2.15,606.0,1,56,0.0,True
2026-10-07 11:00:00,2026-10-07,11,563.55,85.54,649.09,31.1,2.33,737.0,0,51,0.0,True
2026-10-07 12:00:00,2026-10-07,12,646.89,106.93,753.82,32.1,2.51,846.0,0,46,0.0,True
2026-10-07 13:00:00,2026-10-07,13,653.77,143.72,797.49,32.9,2.77,855.0,0,40,0.0,True
2026-10-07 14:00:00,2026-10-07,14,607.13,201.45,808.58,33.6,3.1,794.0,0,36,0.0,True
2026-10-07 15:00:00,2026-10-07,15,513.08,258.8,771.88,34.0,3.37,671.0,0,33,0.0,True
2026-10-07 16:00:00,2026-10-07,16,379.27,307.67,686.94,34.1,3.57,496.0,0,31,0.0,True
2026-10-07 17:00:00,2026-10-07,17,218.69,326.13,544.82,33.8,3.64,286.0,0,31,0.0,True
2026-10-07 18:00:00,2026-10-07,18,50.47,302.53,353.0,32.9,3.55,66.0,0,34,0.0,True
2026-10-07 19:00:00,2026-10-07,19,0.0,256.51,256.51,31.3,3.36,0.0,0,40,0.0,True
2026-10-07 20:00:00,2026-10-07,20,0.0,197.58,197.58,29.4,3.08,0.0,0,49,0.0,True
2026-10-07 21:00:00,2026-10-07,21,0.0,148.44,148.44,27.4,2.8,0.0,0,60,0.0,True
2026-10-07 22:00:00,2026-10-07,22,0.0,108.21,108.21,25.6,2.52,0.0,0,73,0.0,True
2026-10-07 23:00:00,2026-10-07,23,0.0,86.64,86.64,24.3,2.34,0.0,0,83,0.0,True
2026-10-08 00:00:00,2026-10-08,0,0.0,82.77,82.77,23.5,2.16,0.0,0,90,0.0,True
2026-10-08 01:00:00,2026-10-08,1,0.0,63.75,63.75,22.8,1.98,0.0,0,96,0.0,True
2026-10-08 02:00:00,2026-10-08,2,0.0,49.51,49.51,22.3,1.82,0.0,0,100,0.0,True
2026-10-08 03:00:00,2026-10-08,3,0.0,34.28,34.28,22.1,1.61,0.0,0,100,0.0,True
2026-10-08 04:00:00,2026-10-08,4,0.0,28.28,28.28,22.2,1.51,0.0,0,100,0.0,True
2026-10-08 05:00:00,2026-10-08,5,0.0,23.02,23.02,22.6,1.41,0.0,0,99,0.0,True
2026-10-08 06:00:00,2026-10-08,6,0.0,21.12,21.12,23.5,1.37,0.0,0,93,0.0,True
2026-10-08 07:00:00,2026-10-08,7,22.67,22.06,44.73,24.9,1.39,29.0,0,84,0.0,True
2026-10-08 08:00:00,2026-10-08,8,168.07,24.52,192.59,26.5,1.44,215.0,0,75,0.0,True
2026-10-08 09:00:00,2026-10-08,9,325.98,30.0,355.98,28.3,1.54,417.0,0,66,0.0,True
2026-10-08 10:00:00,2026-10-08,10,460.44,40.35,500.79,29.9,1.7,589.0,0,59,0.0,True
2026-10-08 11:00:00,2026-10-08,11,561.28,52.85,614.13,31.1,1.86,718.0,0,53,0.0,True
2026-10-08 12:00:00,2026-10-08,12,653.52,80.49,734.01,32.0,2.14,836.0,0,48,0.0,True
2026-10-08 13:00:00,2026-10-08,13,659.78,120.78,780.56,32.9,2.45,844.0,0,43,0.0,True
2026-10-08 14:00:00,2026-10-08,14,612.09,184.19,796.28,33.7,2.82,783.0,0,39,0.0,True
2026-10-08 15:00:00,2026-10-08,15,515.16,264.12,779.28,34.2,3.18,659.0,0,35,0.0,True
2026-10-08 16:00:00,2026-10-08,16,378.36,331.43,709.79,34.3,3.43,484.0,0,33,0.0,True
2026-10-08 17:00:00,2026-10-08,17,215.76,367.45,583.21,34.0,3.55,276.0,0,34,0.0,True
2026-10-08 18:00:00,2026-10-08,18,46.9,343.16,390.06,33.0,3.47,60.0,0,36,0.0,True
2026-10-08 19:00:00,2026-10-08,19,0.0,284.55,284.55,31.4,3.26,0.0,0,42,0.0,True
2026-10-08 20:00:00,2026-10-08,20,0.0,221.76,221.76,29.5,3.0,0.0,0,51,0.0,True
2026-10-08 21:00:00,2026-10-08,21,0.0,168.95,168.95,27.4,2.74,0.0,0,62,0.0,True
2026-10-08 22:00:00,2026-10-08,22,0.0,129.88,129.88,25.6,2.51,0.0,0,73,0.0,True
2026-10-08 23:00:00,2026-10-08,23,0.0,110.72,110.72,24.4,2.38,0.0,0,83,0.0,True
2026-10-09 00:00:00,2026-10-09,0,0.0,30.28,30.28,23.6,2.31,0.0,13,90,0.0,True
2026-10-09 01:00:00,2026-10-09,1,0.0,27.98,27.98,23.0,2.25,0.0,33,96,0.0,True
2026-10-09 02:00:00,2026-10-09,2,0.0,27.98,27.98,22.6,2.25,0.0,56,100,0.0,True
2026-10-09 03:00:00,2026-10-09,3,0.0,27.98,27.98,22.5,2.25,0.0,78,100,0.0,True
2026-10-09 04:00:00,2026-10-09,4,0.0,27.98,27.98,22.7,2.25,0.0,94,100,0.0,True
2026-10-09 05:00:00,2026-10-09,5,0.0,28.36,28.36,23.1,2.26,0.0,100,99,0.0,True
2026-10-09 06:00:00,2026-10-09,6,0.0,29.5,29.5,23.9,2.29,0.0,94,94,0.0,True
2026-10-09 07:00:00,2026-10-09,7,21.51,32.7,54.21,25.3,2.37,27.0,78,86,0.0,True
2026-10-09 08:00:00,2026-10-09,8,161.76,38.39,200.15,26.9,2.5,203.0,57,77,0.0,True
2026-10-09 09:00:00,2026-10-09,9,315.54,49.44,364.98,28.6,2.72,396.0,34,69,0.0,True
2026-10-09 10:00:00,2026-10-09,10,448.61,64.36,512.97,30.0,2.97,563.0,14,62,0.0,True
2026-10-09 11:00:00,2026-10-09,11,549.81,83.56,633.37,31.1,3.24,690.0,1,56,0.0,True
2026-10-09 12:00:00,2026-10-09,12,654.99,111.78,766.77,31.9,3.57,822.0,0,50,0.0,True
2026-10-09 13:00:00,2026-10-09,13,665.35,154.89,820.24,32.6,3.98,835.0,0,45,0.0,True
2026-10-09 14:00:00,2026-10-09,14,620.73,210.71,831.44,33.1,4.41,779.0,0,40,0.0,True
2026-10-09 15:00:00,2026-10-09,15,525.11,271.7,796.81,33.4,4.8,659.0,0,36,0.0,True
2026-10-09 16:00:00,2026-10-09,16,387.26,325.89,713.15,33.4,5.1,486.0,0,34,0.0,True
2026-10-09 17:00:00,2026-10-09,17,221.52,353.47,574.99,33.0,5.24,278.0,0,34,0.0,True
2026-10-09 18:00:00,2026-10-09,18,47.81,333.62,381.43,32.0,5.14,60.0,0,37,0.0,True
2026-10-09 19:00:00,2026-10-09,19,0.0,276.82,276.82,30.5,4.83,0.0,0,43,0.0,True
2026-10-09 20:00:00,2026-10-09,20,0.0,210.71,210.71,28.8,4.41,0.0,0,52,0.0,True
2026-10-09 21:00:00,2026-10-09,21,0.0,154.89,154.89,26.9,3.98,0.0,0,64,0.0,True
2026-10-09 22:00:00,2026-10-09,22,0.0,114.62,114.62,25.3,3.6,0.0,0,77,0.0,True
2026-10-09 23:00:00,2026-10-09,23,0.0,92.36,92.36,24.2,3.35,0.0,0,87,0.0,True
2026-10-10 00:00:00,2026-10-10,0,0.0,43.1,43.1,23.4,3.29,0.0,0,94,0.0,True
2026-10-10 01:00:00,2026-10-10,1,0.0,44.69,44.69,22.9,3.33,0.0,0,99,0.0,True
2026-10-10 02:00:00,2026-10-10,2,0.0,51.89,51.89,22.6,3.5,0.0,0,100,0.0,True
2026-10-10 03:00:00,2026-10-10,3,0.0,61.8,61.8,22.5,3.71,0.0,0,100,0.0,True
2026-10-10 04:00:00,2026-10-10,4,0.0,74.02,74.02,22.7,3.94,0.0,0,100,0.0,True
2026-10-10 05:00:00,2026-10-10,5,0.0,86.5,86.5,23.2,4.15,0.0,1,97,0.0,True
2026-10-10 06:00:00,2026-10-10,6,0.0,97.57,97.57,24.3,4.32,0.0,6,90,0.0,True
2026-10-10 07:00:00,2026-10-10,7,19.74,109.55,129.29,25.8,4.49,23.0,13,80,0.0,True
2026-10-10 08:00:00,2026-10-10,8,154.52,122.47,276.99,27.7,4.66,180.0,21,70,0.0,True
2026-10-10 09:00:00,2026-10-10,9,304.74,143.26,448.0,29.5,4.91,355.0,28,61,0.0,True
2026-10-10 10:00:00,2026-10-10,10,435.22,163.39,598.61,31.1,5.13,507.0,34,55,0.0,True
2026-10-10 11:00:00,2026-10-10,11,538.23,182.23,720.46,32.2,5.32,627.0,36,51,0.0,True
2026-10-10 12:00:00,2026-10-10,12,661.84,199.17,861.01,32.7,5.48,771.0,34,49,0.0,True
2026-10-10 13:00:00,2026-10-10,13,675.57,211.41,886.98,33.0,5.59,787.0,29,48,0.0,True
2026-10-10 14:00:00,2026-10-10,14,631.79,222.95,854.74,33.0,5.69,736.0,22,48,0.0,True
2026-10-10 15:00:00,2026-10-10,15,534.79,227.69,762.48,32.8,5.73,623.0,14,48,0.0,True
2026-10-10 16:00:00,2026-10-10,16,394.01,227.69,621.7,32.4,5.73,459.0,8,50,0.0,True
2026-10-10 17:00:00,2026-10-10,17,223.19,212.54,435.73,31.9,5.6,260.0,3,52,0.0,True
2026-10-10 18:00:00,2026-10-10,18,46.35,181.2,227.55,31.2,5.31,54.0,1,54,0.0,True
2026-10-10 19:00:00,2026-10-10,19,0.0,146.79,146.79,30.1,4.95,0.0,0,59,0.0,True
2026-10-10 20:00:00,2026-10-10,20,0.0,106.65,106.65,28.8,4.45,0.0,0,64,0.0,True
2026-10-10 21:00:00,2026-10-10,21,0.0,74.59,74.59,27.6,3.95,0.0,0,70,0.0,True
2026-10-10 22:00:00,2026-10-10,22,0.0,51.01,51.01,26.4,3.48,0.0,0,76,0.0,True
2026-10-10 23:00:00,2026-10-10,23,0.0,37.83,37.83,25.5,3.15,0.0,0,81,0.0,True
2026-10-11 00:00:00,2026-10-11,0,0.0,211.03,211.03,24.8,2.88,0.0,0,86,0.0,True
2026-10-11 01:00:00,2026-10-11,1,0.0,185.74,185.74,24.2,2.76,0.0,0,90,0.0,True
2026-10-11 02:00:00,2026-10-11,2,0.0,166.27,166.27,23.7,2.66,0.0,0,94,0.0,True
2026-10-11 03:00:00,2026-10-11,3,0.0,157.07,157.07,23.4,2.61,0.0,1,97,0.0,True
2026-10-11 04:00:00,2026-10-11,4,0.0,151.72,151.72,23.3,2.58,0.0,1,99,0.0,True
2026-10-11 05:00:00,2026-10-11,5,0.0,149.96,149.96,23.6,2.57,0.0,1,97,0.0,True
2026-10-11 06:00:00,2026-10-11,6,0.0,153.49,153.49,24.4,2.59,0.0,1,93,0.0,True
2026-10-11 07:00:00,2026-10-11,7,20.19,153.49,173.68,25.6,2.59,25.0,1,86,0.0,True
2026-10-11 08:00:00,2026-10-11,8,160.67,153.49,314.16,27.1,2.59,199.0,2,79,0.0,True
2026-10-11 09:00:00,2026-10-11,9,316.5,162.55,479.05,28.6,2.64,392.0,2,71,0.0,True
2026-10-11 10:00:00,2026-10-11,10,450.53,151.72,602.25,30.0,2.58,558.0,2,64,0.0,True
2026-10-11 11:00:00,2026-10-11,11,553.08,139.7,692.78,31.1,2.51,685.0,2,58,0.0,True
2026-10-11 12:00:00,2026-10-11,12,659.65,113.19,772.84,32.0,2.34,817.0,2,53,0.0,True
2026-10-11 13:00:00,2026-10-11,13,669.34,91.53,760.87,32.9,2.18,829.0,1,46,0.0,True
2026-10-11 14:00:00,2026-10-11,14,622.51,82.99,705.5,33.7,2.11,771.0,1,41,0.0,True
2026-10-11 15:00:00,2026-10-11,15,524.01,84.17,608.18,34.2,2.12,649.0,1,36,0.0,True
2026-10-11 16:00:00,2026-10-11,16,383.52,100.63,484.15,34.5,2.25,475.0,0,34,0.0,True
2026-10-11 17:00:00,2026-10-11,17,216.39,108.89,325.28,34.3,2.31,268.0,0,33,0.0,True
2026-10-11 18:00:00,2026-10-11,18,43.6,108.89,152.49,33.5,2.31,54.0,0,35,0.0,True
2026-10-11 19:00:00,2026-10-11,19,0.0,100.63,100.63,32.2,2.25,0.0,0,40,0.0,True
2026-10-11 20:00:00,2026-10-11,20,0.0,97.97,97.97,30.5,2.23,0.0,0,48,0.0,True
2026-10-11 21:00:00,2026-10-11,21,0.0,95.36,95.36,28.8,2.21,0.0,0,57,0.0,True
2026-10-11 22:00:00,2026-10-11,22,0.0,87.8,87.8,27.2,2.15,0.0,0,68,0.0,True
2026-10-11 23:00:00,2026-10-11,23,0.0,71.74,71.74,26.0,2.01,0.0,0,76,0.0,True
2026-10-12 00:00:00,2026-10-12,0,0.0,30.95,30.95,25.0,1.74,0.0,0,82,0.0,True
2026-10-12 01:00:00,2026-10-12,1,0.0,14.45,14.45,24.1,1.35,0.0,0,87,0.0,True
2026-10-12 02:00:00,2026-10-12,2,0.0,6.05,6.05,23.3,1.01,0.0,0,90,0.0,True
2026-10-12 03:00:00,2026-10-12,3,0.0,2.79,2.79,22.8,0.78,0.0,0,92,0.0,True
2026-10-12 04:00:00,2026-10-12,4,0.0,4.14,4.14,22.7,0.89,0.0,0,92,0.0,True
2026-10-12 05:00:00,2026-10-12,5,0.0,10.67,10.67,23.0,1.22,0.0,0,89,0.0,True
2026-10-12 06:00:00,2026-10-12,6,0.0,24.98,24.98,24.0,1.62,0.0,3,83,0.0,True
2026-10-12 07:00:00,2026-10-12,7,22.85,50.61,73.46,25.7,2.05,27.0,7,76,0.0,True
2026-10-12 08:00:00,2026-10-12,8,179.38,86.4,265.78,27.8,2.45,212.0,12,67,0.0,True
2026-10-12 09:00:00,2026-10-12,9,350.31,130.35,480.66,29.9,2.81,414.0,16,59,0.0,True
2026-10-12 10:00:00,2026-10-12,10,490.77,171.66,662.43,31.8,3.08,580.0,20,52,0.0,True
2026-10-12 11:00:00,2026-10-12,11,590.62,196.14,786.76,33.0,3.22,698.0,22,48,0.0,True
2026-10-12 12:00:00,2026-10-12,12,647.31,183.63,830.94,33.7,3.15,765.0,22,44,0.0,True
2026-10-12 13:00:00,2026-10-12,13,646.46,153.91,800.37,34.1,2.97,764.0,21,41,0.0,True
2026-10-12 14:00:00,2026-10-12,14,594.0,130.35,724.35,34.3,2.81,702.0,20,38,0.0,True
2026-10-12 15:00:00,2026-10-12,15,495.0,124.87,619.87,34.2,2.77,585.0,17,36,0.0,True
2026-10-12 16:00:00,2026-10-12,16,360.46,134.57,495.03,33.9,2.84,426.0,15,34,0.0,True
2026-10-12 17:00:00,2026-10-12,17,202.23,160.22,362.45,33.5,3.01,239.0,13,34,0.0,True
2026-10-12 18:00:00,2026-10-12,18,40.62,188.92,229.54,32.9,3.18,48.0,11,35,0.0,True
2026-10-12 19:00:00,2026-10-12,19,0.0,209.22,209.22,31.9,3.29,0.0,9,37,0.0,True
2026-10-12 20:00:00,2026-10-12,20,0.0,235.01,235.01,30.7,3.42,0.0,7,40,0.0,True
2026-10-12 21:00:00,2026-10-12,21,0.0,256.23,256.23,29.5,3.52,0.0,5,43,0.0,True
2026-10-12 22:00:00,2026-10-12,22,0.0,278.7,278.7,28.4,3.62,0.0,3,47,0.0,True
2026-10-12 23:00:00,2026-10-12,23,0.0,295.18,295.18,27.6,3.69,0.0,2,50,0.0,True
2026-10-13 00:00:00,2026-10-13,0,0.0,250.08,250.08,26.9,3.74,0.0,1,52,0.0,True
2026-10-13 01:00:00,2026-10-13,1,0.0,264.38,264.38,26.2,3.81,0.0,1,55,0.0,True
2026-10-13 02:00:00,2026-10-13,2,0.0,279.23,279.23,25.6,3.88,0.0,0,58,0.0,True
2026-10-13 03:00:00,2026-10-13,3,0.0,287.95,287.95,25.3,3.92,0.0,0,60,0.0,True
2026-10-13 04:00:00,2026-10-13,4,0.0,292.38,292.38,25.2,3.94,0.0,0,61,0.0,True
2026-10-13 05:00:00,2026-10-13,5,0.0,287.95,287.95,25.4,3.92,0.0,0,61,0.0,True
2026-10-13 06:00:00,2026-10-13,6,0.0,268.57,268.57,26.2,3.83,0.0,0,58,0.0,True
2026-10-13 07:00:00,2026-10-13,7,20.85,246.09,266.94,27.6,3.72,26.0,0,53,0.0,True
2026-10-13 08:00:00,2026-10-13,8,169.21,217.5,386.71,29.2,3.57,211.0,0,48,0.0,True
2026-10-13 09:00:00,2026-10-13,9,333.61,187.89,521.5,30.8,3.4,416.0,0,43,0.0,True
2026-10-13 10:00:00,2026-10-13,10,471.54,155.18,626.72,32.2,3.19,588.0,0,39,0.0,True
2026-10-13 11:00:00,2026-10-13,11,573.39,121.48,694.87,33.2,2.94,715.0,0,37,0.0,True
2026-10-13 12:00:00,2026-10-13,12,658.4,85.97,744.37,33.8,2.62,821.0,1,36,0.0,True
2026-10-13 13:00:00,2026-10-13,13,661.6,55.18,716.78,34.2,2.26,825.0,2,35,0.0,True
2026-10-13 14:00:00,2026-10-13,14,610.28,32.79,643.07,34.4,1.9,761.0,3,35,0.0,True
2026-10-13 15:00:00,2026-10-13,15,509.23,19.22,528.45,34.4,1.59,635.0,5,35,0.0,True
2026-10-13 16:00:00,2026-10-13,16,368.89,12.29,381.18,34.2,1.37,460.0,6,36,0.0,True
2026-10-13 17:00:00,2026-10-13,17,204.5,8.26,212.76,33.9,1.2,255.0,6,36,0.0,True
2026-10-13 18:00:00,2026-10-13,18,38.49,4.93,43.42,33.2,1.01,48.0,6,37,0.0,True
2026-10-13 19:00:00,2026-10-13,19,0.0,1.94,1.94,32.3,0.74,0.0,5,38,0.0,True
2026-10-13 20:00:00,2026-10-13,20,0.0,0.63,0.63,31.1,0.51,0.0,5,39,0.0,True
2026-10-13 21:00:00,2026-10-13,21,0.0,0.1,0.1,29.9,0.28,0.0,4,41,0.0,True
2026-10-13 22:00:00,2026-10-13,22,0.0,0.01,0.01,28.8,0.11,0.0,3,42,0.0,True
2026-10-13 23:00:00,2026-10-13,23,0.0,0.0,0.0,27.9,0.05,0.0,2,44,0.0,True
2026-10-14 00:00:00,2026-10-14,0,0.0,0.95,0.95,27.0,0.36,0.0,2,46,0.0,True
2026-10-14 01:00:00,2026-10-14,1,0.0,13.4,13.4,26.1,0.87,0.0,1,49,0.0,True
2026-10-14 02:00:00,2026-10-14,2,0.0,72.89,72.89,25.3,1.53,0.0,1,52,0.0,True
2026-10-14 03:00:00,2026-10-14,3,0.0,210.85,210.85,24.7,2.18,0.0,0,55,0.0,True
2026-10-14 04:00:00,2026-10-14,4,0.0,378.73,378.73,24.5,2.65,0.0,0,57,0.0,True
2026-10-14 05:00:00,2026-10-14,5,0.0,511.91,511.91,24.7,2.93,0.0,0,56,0.0,True
2026-10-14 06:00:00,2026-10-14,6,0.0,476.09,476.09,25.7,2.86,0.0,0,53,0.0,True
2026-10-14 07:00:00,2026-10-14,7,20.32,378.73,399.05,27.4,2.65,25.0,0,47,0.0,True
2026-10-14 08:00:00,2026-10-14,8,169.91,274.36,444.27,29.5,2.38,209.0,0,42,0.0,True
2026-10-14 09:00:00,2026-10-14,9,334.94,183.14,518.08,31.6,2.08,412.0,0,37,0.0,True
2026-10-14 10:00:00,2026-10-14,10,473.95,124.72,598.67,33.4,1.83,583.0,0,33,0.0,True
2026-10-14 11:00:00,2026-10-14,11,576.38,88.14,664.52,34.6,1.63,709.0,0,31,0.0,True
2026-10-14 12:00:00,2026-10-14,12,654.43,47.88,702.31,35.3,1.33,805.0,0,30,0.0,True
2026-10-14 13:00:00,2026-10-14,13,658.49,20.97,679.46,35.6,1.01,810.0,0,30,0.0,True
2026-10-14 14:00:00,2026-10-14,14,608.09,10.82,618.91,35.6,0.81,748.0,1,31,0.0,True
2026-10-14 15:00:00,2026-10-14,15,508.91,15.34,524.25,35.4,0.91,626.0,1,32,0.0,True
2026-10-14 16:00:00,2026-10-14,16,369.89,30.15,400.04,35.0,1.14,455.0,1,34,0.0,True
2026-10-14 17:00:00,2026-10-14,17,205.68,36.96,242.64,34.5,1.22,253.0,1,35,0.0,True
2026-10-14 18:00:00,2026-10-14,18,39.02,19.75,58.77,33.6,0.99,48.0,1,36,0.0,True
2026-10-14 19:00:00,2026-10-14,19,0.0,5.09,5.09,32.4,0.63,0.0,1,38,0.0,True
2026-10-14 20:00:00,2026-10-14,20,0.0,3.03,3.03,31.0,0.53,0.0,1,39,0.0,True
2026-10-14 21:00:00,2026-10-14,21,0.0,20.97,20.97,29.5,1.01,0.0,0,41,0.0,True
2026-10-14 22:00:00,2026-10-14,22,0.0,62.04,62.04,28.1,1.45,0.0,0,43,0.0,True
2026-10-14 23:00:00,2026-10-14,23,0.0,93.09,93.09,27.1,1.66,0.0,0,46,0.0,True
